English Name,Scientific Name,BLI,GEN
Fulvous Whistling-Duck,Dendrocygna bicolor,Dendrocygna bicolor,18
Lesser Whistling-Duck,Dendrocygna javanica,Dendrocygna javanica,17
Bar-headed Goose,Anser indicus,Anser indicus,32
Graylag Goose,Anser anser,Anser anser,29
Greater White-fronted Goose,Anser albifrons,Anser albifrons,29
Lesser White-fronted Goose,Anser erythropus,Anser erythropus,28
Taiga Bean-Goose,Anser fabalis,Anser fabalis,25
Tundra Bean-Goose,Anser serrirostris,Anser fabalis,25
Red-breasted Goose,Branta ruficollis,Branta ruficollis,32
Mute Swan,Cygnus olor,Cygnus olor,37
Tundra Swan,Cygnus columbianus,Cygnus columbianus,37
Whooper Swan,Cygnus cygnus,Cygnus cygnus,29
Knob-billed Duck,Sarkidiornis melanotos,Sarkidiornis melanotos,22
Ruddy Shelduck,Tadorna ferruginea,Tadorna ferruginea,19
Common Shelduck,Tadorna tadorna,Tadorna tadorna,30
Cotton Pygmy-Goose,Nettapus coromandelianus,Nettapus coromandelianus,14
Mandarin Duck,Aix galericulata,Aix galericulata,15
Baikal Teal,Sibirionetta formosa,Sibirionetta formosa,15
Garganey,Spatula querquedula,Spatula querquedula,13
Northern Shoveler,Spatula clypeata,Spatula clypeata,14
Gadwall,Mareca strepera,Mareca strepera,13
Falcated Duck,Mareca falcata,Mareca falcata,14
Eurasian Wigeon,Mareca penelope,Mareca penelope,14
Indian Spot-billed Duck,Anas poecilorhyncha,Anas poecilorhyncha,19
Eastern Spot-billed Duck,Anas zonorhyncha,Anas zonorhyncha,19
Mallard,Anas platyrhynchos,Anas platyrhynchos,19
Northern Pintail,Anas acuta,Anas acuta,17
Green-winged Teal,Anas crecca,Anas crecca,17
Andaman Teal,Anas albogularis,Anas albogularis,15
Marbled Teal,Marmaronetta angustirostris,Marmaronetta angustirostris,13
Pink-headed Duck,Rhodonessa caryophyllacea,Rhodonessa caryophyllacea,16
White-winged Duck,Asarcornis scutulata,Asarcornis scutulata,20
Red-crested Pochard,Netta rufina,Netta rufina,19
Common Pochard,Aythya ferina,Aythya ferina,17
Ferruginous Duck,Aythya nyroca,Aythya nyroca,16
Baer's Pochard,Aythya baeri,Aythya baeri,17
Tufted Duck,Aythya fuligula,Aythya fuligula,18
Greater Scaup,Aythya marila,Aythya marila,20
Long-tailed Duck,Clangula hyemalis,Clangula hyemalis,17
Common Goldeneye,Bucephala clangula,Bucephala clangula,25
Smew,Mergellus albellus,Mergellus albellus,16
Common Merganser,Mergus merganser,Mergus merganser,19
Red-breasted Merganser,Mergus serrator,Mergus serrator,17
White-headed Duck,Oxyura leucocephala,Oxyura leucocephala,18
Nicobar Scrubfowl,Megapodius nicobariensis,Megapodius nicobariensis,18
Hill Partridge,Arborophila torqueola,Arborophila torqueola,15
Chestnut-breasted Partridge,Arborophila mandellii,Arborophila mandellii,15
Rufous-throated Partridge,Arborophila rufogularis,Arborophila rufogularis,16
White-cheeked Partridge,Arborophila atrogularis,Arborophila atrogularis,14
Snow Partridge,Lerwa lerwa,Lerwa lerwa,19
Blood Pheasant,Ithaginis cruentus,Ithaginis cruentus,18
Western Tragopan,Tragopan melanocephalus,Tragopan melanocephalus,20
Satyr Tragopan,Tragopan satyra,Tragopan satyra,21
Blyth's Tragopan,Tragopan blythii,Tragopan blythii,21
Temminck's Tragopan,Tragopan temminckii,Tragopan temminckii,19
Himalayan Monal,Lophophorus impejanus,Lophophorus impejanus,19
Sclater's Monal,Lophophorus sclateri,Lophophorus sclateri,23
Koklass Pheasant,Pucrasia macrolopha,Pucrasia macrolopha,15
Tibetan Partridge,Perdix hodgsoniae,Perdix hodgsoniae,12
Hume's Pheasant,Syrmaticus humiae,Syrmaticus humiae,18
Cheer Pheasant,Catreus wallichii,Catreus wallichii,18
Kalij Pheasant,Lophura leucomelanos,Lophura leucomelanos,15
Indian Peafowl,Pavo cristatus,Pavo cristatus,27
Green Peafowl,Pavo muticus,Pavo muticus,27
Red Spurfowl,Galloperdix spadicea,Galloperdix spadicea,18
Painted Spurfowl,Galloperdix lunulata,Galloperdix lunulata,16
Gray Peacock-Pheasant,Polyplectron bicalcaratum,Polyplectron bicalcaratum,20
Mountain Bamboo-Partridge,Bambusicola fytchii,Bambusicola fytchii,15
Red Junglefowl,Gallus gallus,Gallus gallus,14
Gray Junglefowl,Gallus sonneratii,Gallus sonneratii,17
Gray Francolin,Ortygornis pondicerianus,Ortygornis pondicerianus,13
Swamp Francolin,Ortygornis gularis,Ortygornis gularis,19
Chinese Francolin,Francolinus pintadeanus,Francolinus pintadeanus,14
Black Francolin,Francolinus francolinus,Francolinus francolinus,13
Painted Francolin,Francolinus pictus,Francolinus pictus,14
Tibetan Snowcock,Tetraogallus tibetanus,Tetraogallus tibetanus,19
Himalayan Snowcock,Tetraogallus himalayensis,Tetraogallus himalayensis,19
Blue-breasted Quail,Synoicus chinensis,Synoicus chinensis,9
Common Quail,Coturnix coturnix,Coturnix coturnix,10
Japanese Quail,Coturnix japonica,Coturnix japonica,10
Rain Quail,Coturnix coromandelica,Coturnix coromandelica,12
Chukar,Alectoris chukar,Alectoris chukar,9
Jungle Bush-Quail,Perdicula asiatica,Perdicula asiatica,11
Rock Bush-Quail,Perdicula argoondah,Perdicula argoondah,11
Painted Bush-Quail,Perdicula erythrorhyncha,Perdicula erythrorhyncha,11
Manipur Bush-Quail,Perdicula manipurensis,Perdicula manipurensis,12
Himalayan Quail,Ophrysia superciliosa,Ophrysia superciliosa,12
Greater Flamingo,Phoenicopterus roseus,Phoenicopterus roseus,44
Lesser Flamingo,Phoeniconaias minor,Phoeniconaias minor,40
Little Grebe,Tachybaptus ruficollis,Tachybaptus ruficollis,13
Horned Grebe,Podiceps auritus,Podiceps auritus,16
Red-necked Grebe,Podiceps grisegena,Podiceps grisegena,18
Great Crested Grebe,Podiceps cristatus,Podiceps cristatus,15
Eared Grebe,Podiceps nigricollis,Podiceps nigricollis,16
Rock Pigeon,Columba livia,Columba livia,15
Hill Pigeon,Columba rupestris,Columba rupestris,14
Snow Pigeon,Columba leuconota,Columba leuconota,15
Yellow-eyed Pigeon,Columba eversmanni,Columba eversmanni,14
Common Wood-Pigeon,Columba palumbus,Columba palumbus,12
Speckled Wood-Pigeon,Columba hodgsonii,Columba hodgsonii,15
Ashy Wood-Pigeon,Columba pulchricollis,Columba pulchricollis,15
Nilgiri Wood-Pigeon,Columba elphinstonii,Columba elphinstonii,15
Pale-capped Pigeon,Columba punicea,Columba punicea,17
Andaman Wood-Pigeon,Columba palumboides,Columba palumboides,16
European Turtle-Dove,Streptopelia turtur,Streptopelia turtur,15
Oriental Turtle-Dove,Streptopelia orientalis,Streptopelia orientalis,16
Eurasian Collared-Dove,Streptopelia decaocto,Streptopelia decaocto,12
Red Collared-Dove,Streptopelia tranquebarica,Streptopelia tranquebarica,13
Spotted Dove,Spilopelia chinensis,Spilopelia chinensis,12
Laughing Dove,Spilopelia senegalensis,Spilopelia senegalensis,9
Barred Cuckoo-Dove,Macropygia unchall,Macropygia unchall,16
Andaman Cuckoo-Dove,Macropygia rufipennis,Macropygia rufipennis,21
Namaqua Dove,Oena capensis,Oena capensis,11
Asian Emerald Dove,Chalcophaps indica,Chalcophaps indica,15
Nicobar Pigeon,Caloenas nicobarica,Caloenas nicobarica,27
Orange-breasted Green-Pigeon,Treron bicinctus,Treron bicinctus,15
Gray-fronted Green-Pigeon,Treron affinis,Treron affinis,16
Andaman Green-Pigeon,Treron chloropterus,Treron chloropterus,16
Ashy-headed Green-Pigeon,Treron phayrei,Treron phayrei,16
Thick-billed Green-Pigeon,Treron curvirostra,Treron curvirostra,14
Yellow-footed Green-Pigeon,Treron phoenicopterus,Treron phoenicopterus,16
Pin-tailed Green-Pigeon,Treron apicauda,Treron apicauda,16
Wedge-tailed Green-Pigeon,Treron sphenurus,Treron sphenurus,16
Green Imperial-Pigeon,Ducula aenea,Ducula aenea,24
Nicobar Imperial-Pigeon,Ducula nicobarica,Ducula nicobarica,21
Malabar Imperial-Pigeon,Ducula cuprea,Ducula cuprea,24
Mountain Imperial-Pigeon,Ducula badia,Ducula badia,24
Pied Imperial-Pigeon,Ducula bicolor,Ducula bicolor,23
Tibetan Sandgrouse,Syrrhaptes tibetanus,Syrrhaptes tibetanus,16
Pallas's Sandgrouse,Syrrhaptes paradoxus,Syrrhaptes paradoxus,14
Pin-tailed Sandgrouse,Pterocles alchata,Pterocles alchata,12
Chestnut-bellied Sandgrouse,Pterocles exustus,Pterocles exustus,12
Spotted Sandgrouse,Pterocles senegallus,Pterocles senegallus,13
Black-bellied Sandgrouse,Pterocles orientalis,Pterocles orientalis,14
Painted Sandgrouse,Pterocles indicus,Pterocles indicus,12
Great Indian Bustard,Ardeotis nigriceps,Ardeotis nigriceps,37
Macqueen's Bustard,Chlamydotis macqueenii,Chlamydotis macqueenii,22
Bengal Florican,Houbaropsis bengalensis,Houbaropsis bengalensis,33
Lesser Florican,Sypheotides indicus,Sypheotides indicus,18
Little Bustard,Tetrax tetrax,Tetrax tetrax,20
Andaman Coucal,Centropus andamanensis,Centropus andamanensis,18
Greater Coucal,Centropus sinensis,Centropus sinensis,18
Lesser Coucal,Centropus bengalensis,Centropus bengalensis,15
Sirkeer Malkoha,Taccocua leschenaultii,Taccocua leschenaultii,17
Blue-faced Malkoha,Phaenicophaeus viridirostris,Phaenicophaeus viridirostris,14
Green-billed Malkoha,Phaenicophaeus tristis,Phaenicophaeus tristis,14
Chestnut-winged Cuckoo,Clamator coromandus,Clamator coromandus,11
Pied Cuckoo,Clamator jacobinus,Clamator jacobinus,10
Asian Koel,Eudynamys scolopaceus,Eudynamys scolopaceus,17
Asian Emerald Cuckoo,Chrysococcyx maculatus,Chrysococcyx maculatus,11
Violet Cuckoo,Chrysococcyx xanthorhynchus,Chrysococcyx xanthorhynchus,11
Horsfield's Bronze-Cuckoo,Chrysococcyx basalis,Chalcites basalis,11
Banded Bay Cuckoo,Cacomantis sonneratii,Cacomantis sonneratii,12
Plaintive Cuckoo,Cacomantis merulinus,Cacomantis merulinus,11
Gray-bellied Cuckoo,Cacomantis passerinus,Cacomantis passerinus,11
Fork-tailed Drongo-Cuckoo,Surniculus dicruroides,Surniculus dicruroides,12
Square-tailed Drongo-Cuckoo,Surniculus lugubris,Surniculus lugubris,12
Large Hawk-Cuckoo,Hierococcyx sparverioides,Hierococcyx sparverioides,17
Common Hawk-Cuckoo,Hierococcyx varius,Hierococcyx varius,15
Hodgson's Hawk-Cuckoo,Hierococcyx nisicolor,Hierococcyx nisicolor,14
Lesser Cuckoo,Cuculus poliocephalus,Cuculus poliocephalus,10
Indian Cuckoo,Cuculus micropterus,Cuculus micropterus,12
Himalayan Cuckoo,Cuculus saturatus,Cuculus saturatus,12
Common Cuckoo,Cuculus canorus,Cuculus canorus,12
Sri Lanka Frogmouth,Batrachostomus moniliger,Batrachostomus moniliger,14
Hodgson's Frogmouth,Batrachostomus hodgsoni,Batrachostomus hodgsoni,14
Great Eared-Nightjar,Lyncornis macrotis,Lyncornis macrotis,18
Jungle Nightjar,Caprimulgus indicus,Caprimulgus indicus,11
Gray Nightjar,Caprimulgus jotaka,Caprimulgus jotaka,11
Eurasian Nightjar,Caprimulgus europaeus,Caprimulgus europaeus,10
Sykes's Nightjar,Caprimulgus mahrattensis,Caprimulgus mahrattensis,10
Large-tailed Nightjar,Caprimulgus macrurus,Caprimulgus macrurus,11
Andaman Nightjar,Caprimulgus andamanicus,Caprimulgus andamanicus,11
Jerdon's Nightjar,Caprimulgus atripennis,Caprimulgus atripennis,11
Indian Nightjar,Caprimulgus asiaticus,Caprimulgus asiaticus,10
Savanna Nightjar,Caprimulgus affinis,Caprimulgus affinis,11
White-rumped Needletail,Zoonavena sylvatica,Zoonavena sylvatica,8
White-throated Needletail,Hirundapus caudacutus,Hirundapus caudacutus,12
Silver-backed Needletail,Hirundapus cochinchinensis,Hirundapus cochinchinensis,12
Brown-backed Needletail,Hirundapus giganteus,Hirundapus giganteus,13
Plume-toed Swiftlet,Collocalia affinis,Collocalia esculenta,12
Indian Swiftlet,Aerodramus unicolor,Aerodramus unicolor,9
Himalayan Swiftlet,Aerodramus brevirostris,Aerodramus brevirostris,9
White-nest Swiftlet,Aerodramus fuciphagus,Aerodramus fuciphagus,9
Alpine Swift,Apus melba,Tachymarptis melba,24
Common Swift,Apus apus,Apus apus,17
Pacific Swift,Apus pacificus,Apus pacificus,16
Blyth's Swift,Apus leuconyx,Apus pacificus,16
Dark-rumped Swift,Apus acuticauda,Apus acuticauda,14
Little Swift,Apus affinis,Apus affinis,14
House Swift,Apus nipalensis,Apus nipalensis,15
Asian Palm-Swift,Cypsiurus balasiensis,Cypsiurus balasiensis,8
Crested Treeswift,Hemiprocne coronata,Hemiprocne coronata,12
Water Rail,Rallus aquaticus,Rallus aquaticus,7
Brown-cheeked Rail,Rallus indicus,Rallus indicus,8
Corn Crake,Crex crex,Crex crex,10
Slaty-breasted Rail,Lewinia striata,Lewinia striata,11
Spotted Crake,Porzana porzana,Porzana porzana,9
Eurasian Moorhen,Gallinula chloropus,Gallinula chloropus,14
Eurasian Coot,Fulica atra,Fulica atra,14
Gray-headed Swamphen,Porphyrio poliocephalus,Porphyrio porphyrio,18
White-browed Crake,Poliolimnas cinereus,Amaurornis cinerea,10
Watercock,Gallicrex cinerea,Gallicrex cinerea,17
White-breasted Waterhen,Amaurornis phoenicurus,Amaurornis phoenicurus,12
Andaman Crake,Rallina canningi,Rallina canningi,13
Red-legged Crake,Rallina fasciata,Rallina fasciata,11
Slaty-legged Crake,Rallina eurizonoides,Rallina eurizonoides,12
Ruddy-breasted Crake,Zapornia fusca,Zapornia fusca,11
Brown Crake,Zapornia akool,Zapornia akool,12
Little Crake,Zapornia parva,Zapornia parva,9
Baillon's Crake,Zapornia pusilla,Zapornia pusilla,8
Black-tailed Crake,Zapornia bicolor,Zapornia bicolor,12
Masked Finfoot,Heliopais personatus,Heliopais personatus,15
Demoiselle Crane,Anthropoides virgo,Anthropoides virgo,27
Siberian Crane,Leucogeranus leucogeranus,Leucogeranus leucogeranus,65
Sarus Crane,Antigone antigone,Grus antigone,49
Common Crane,Grus grus,Grus grus,42
Black-necked Crane,Grus nigricollis,Grus nigricollis,41
Indian Thick-knee,Burhinus indicus,Burhinus indicus,20
Great Thick-knee,Esacus recurvirostris,Esacus recurvirostris,25
Beach Thick-knee,Esacus magnirostris,Esacus magnirostris,29
Black-winged Stilt,Himantopus himantopus,Himantopus himantopus,20
Pied Avocet,Recurvirostra avosetta,Recurvirostra avosetta,20
Ibisbill,Ibidorhyncha struthersii,Ibidorhyncha struthersii,15
Eurasian Oystercatcher,Haematopus ostralegus,Haematopus ostralegus,40
Black-bellied Plover,Pluvialis squatarola,Pluvialis squatarola,23
European Golden-Plover,Pluvialis apricaria,Pluvialis apricaria,12
American Golden-Plover,Pluvialis dominica,Pluvialis dominica,16
Pacific Golden-Plover,Pluvialis fulva,Pluvialis fulva,14
Northern Lapwing,Vanellus vanellus,Vanellus vanellus,18
River Lapwing,Vanellus duvaucelii,Vanellus duvaucelii,14
Yellow-wattled Lapwing,Vanellus malabaricus,Vanellus malabaricus,14
Gray-headed Lapwing,Vanellus cinereus,Vanellus cinereus,16
Red-wattled Lapwing,Vanellus indicus,Vanellus indicus,15
Sociable Lapwing,Vanellus gregarius,Vanellus gregarius,16
White-tailed Lapwing,Vanellus leucurus,Vanellus leucurus,14
Lesser Sand-Plover,Charadrius mongolus,Charadrius mongolus,13
Greater Sand-Plover,Charadrius leschenaultii,Charadrius leschenaultii,17
Caspian Plover,Charadrius asiaticus,Charadrius asiaticus,15
Kentish Plover,Charadrius alexandrinus,Charadrius alexandrinus,13
Common Ringed Plover,Charadrius hiaticula,Charadrius hiaticula,14
Long-billed Plover,Charadrius placidus,Charadrius placidus,12
Little Ringed Plover,Charadrius dubius,Charadrius dubius,15
Oriental Plover,Charadrius veredus,Charadrius veredus,14
Greater Painted-Snipe,Rostratula benghalensis,Rostratula benghalensis,12
Pheasant-tailed Jacana,Hydrophasianus chirurgus,Hydrophasianus chirurgus,12
Bronze-winged Jacana,Metopidius indicus,Metopidius indicus,14
Whimbrel,Numenius phaeopus,Numenius phaeopus,25
Eurasian Curlew,Numenius arquata,Numenius arquata,30
Bar-tailed Godwit,Limosa lapponica,Limosa lapponica,24
Black-tailed Godwit,Limosa limosa,Limosa limosa,19
Ruddy Turnstone,Arenaria interpres,Arenaria interpres,24
Great Knot,Calidris tenuirostris,Calidris tenuirostris,20
Red Knot,Calidris canutus,Calidris canutus,22
Ruff,Calidris pugnax,Calidris pugnax,19
Broad-billed Sandpiper,Calidris falcinellus,Calidris falcinellus,14
Sharp-tailed Sandpiper,Calidris acuminata,Calidris acuminata,15
Curlew Sandpiper,Calidris ferruginea,Calidris ferruginea,16
Temminck's Stint,Calidris temminckii,Calidris temminckii,14
Long-toed Stint,Calidris subminuta,Calidris subminuta,14
Spoon-billed Sandpiper,Calidris pygmaea,Calidris pygmaea,15
Red-necked Stint,Calidris ruficollis,Calidris ruficollis,16
Sanderling,Calidris alba,Calidris alba,19
Dunlin,Calidris alpina,Calidris alpina,20
Little Stint,Calidris minuta,Calidris minuta,13
Buff-breasted Sandpiper,Calidris subruficollis,Calidris subruficollis,16
Pectoral Sandpiper,Calidris melanotos,Calidris melanotos,14
Asian Dowitcher,Limnodromus semipalmatus,Limnodromus semipalmatus,15
Long-billed Dowitcher,Limnodromus scolopaceus,Limnodromus scolopaceus,10
Jack Snipe,Lymnocryptes minimus,Lymnocryptes minimus,10
Eurasian Woodcock,Scolopax rusticola,Scolopax rusticola,14
Solitary Snipe,Gallinago solitaria,Gallinago solitaria,11
Wood Snipe,Gallinago nemoricola,Gallinago nemoricola,12
Great Snipe,Gallinago media,Gallinago media,11
Common Snipe,Gallinago gallinago,Gallinago gallinago,13
Pin-tailed Snipe,Gallinago stenura,Gallinago stenura,10
Swinhoe's Snipe,Gallinago megala,Gallinago megala,10
Terek Sandpiper,Xenus cinereus,Xenus cinereus,12
Red-necked Phalarope,Phalaropus lobatus,Phalaropus lobatus,12
Red Phalarope,Phalaropus fulicarius,Phalaropus fulicarius,16
Common Sandpiper,Actitis hypoleucos,Actitis hypoleucos,14
Green Sandpiper,Tringa ochropus,Tringa ochropus,17
Gray-tailed Tattler,Tringa brevipes,Tringa brevipes,14
Spotted Redshank,Tringa erythropus,Tringa erythropus,14
Common Greenshank,Tringa nebularia,Tringa nebularia,19
Nordmann's Greenshank,Tringa guttifer,Tringa guttifer,16
Marsh Sandpiper,Tringa stagnatilis,Tringa stagnatilis,18
Wood Sandpiper,Tringa glareola,Tringa glareola,9
Common Redshank,Tringa totanus,Tringa totanus,17
Small Buttonquail,Turnix sylvaticus,Turnix sylvaticus,8
Yellow-legged Buttonquail,Turnix tanki,Turnix tanki,9
Barred Buttonquail,Turnix suscitator,Turnix suscitator,9
Crab-Plover,Dromas ardeola,Dromas ardeola,25
Cream-colored Courser,Cursorius cursor,Cursorius cursor,12
Indian Courser,Cursorius coromandelicus,Cursorius coromandelicus,12
Jerdon's Courser,Rhinoptilus bitorquatus,Rhinoptilus bitorquatus,16
Collared Pratincole,Glareola pratincola,Glareola pratincola,11
Oriental Pratincole,Glareola maldivarum,Glareola maldivarum,11
Small Pratincole,Glareola lactea,Glareola lactea,10
South Polar Skua,Stercorarius maccormicki,Catharacta maccormicki,51
Brown Skua,Stercorarius antarcticus,Catharacta antarctica,46
Pomarine Jaeger,Stercorarius pomarinus,Stercorarius pomarinus,35
Parasitic Jaeger,Stercorarius parasiticus,Stercorarius parasiticus,34
Long-tailed Jaeger,Stercorarius longicaudus,Stercorarius longicaudus,29
Black-legged Kittiwake,Rissa tridactyla,Rissa tridactyla,30
Sabine's Gull,Xema sabini,Xema sabini,23
Slender-billed Gull,Chroicocephalus genei,Larus genei,28
Black-headed Gull,Chroicocephalus ridibundus,Larus ridibundus,31
Brown-headed Gull,Chroicocephalus brunnicephalus,Larus brunnicephalus,28
Little Gull,Hydrocoloeus minutus,Hydrocoloeus minutus,17
Franklin's Gull,Leucophaeus pipixcan,Larus pipixcan,23
White-eyed Gull,Ichthyaetus leucophthalmus,Larus leucophthalmus,28
Sooty Gull,Ichthyaetus hemprichii,Larus hemprichii,29
Pallas's Gull,Ichthyaetus ichthyaetus,Larus ichthyaetus,33
Common Gull,Larus canus,Larus canus,32
Herring Gull,Larus argentatus,Larus smithsonianus,33
Caspian Gull,Larus cachinnans,Larus cachinnans,32
Lesser Black-backed Gull,Larus fuscus,Larus fuscus,38
Brown Noddy,Anous stolidus,Anous stolidus,32
Black Noddy,Anous minutus,Anous minutus,26
Lesser Noddy,Anous tenuirostris,Anous tenuirostris,19
White Tern,Gygis alba,Gygis alba,37
Sooty Tern,Onychoprion fuscatus,Onychoprion fuscatus,34
Bridled Tern,Onychoprion anaethetus,Onychoprion anaethetus,30
Little Tern,Sternula albifrons,Sternula albifrons,30
Saunders's Tern,Sternula saundersi,Sternula saundersi,21
Gull-billed Tern,Gelochelidon nilotica,Gelochelidon nilotica,26
Caspian Tern,Hydroprogne caspia,Hydroprogne caspia,34
Black Tern,Chlidonias niger,Chlidonias niger,16
White-winged Tern,Chlidonias leucopterus,Chlidonias leucopterus,14
Whiskered Tern,Chlidonias hybrida,Chlidonias hybrida,17
Roseate Tern,Sterna dougallii,Sterna dougallii,27
Black-naped Tern,Sterna sumatrana,Sterna sumatrana,27
Common Tern,Sterna hirundo,Sterna hirundo,33
Arctic Tern,Sterna paradisaea,Sterna paradisaea,34
Black-bellied Tern,Sterna acuticauda,Sterna acuticauda,20
River Tern,Sterna aurantia,Sterna aurantia,20
White-cheeked Tern,Sterna repressa,Sterna repressa,25
Great Crested Tern,Thalasseus bergii,Thalasseus bergii,36
Sandwich Tern,Thalasseus sandvicensis,Thalasseus sandvicensis,31
Lesser Crested Tern,Thalasseus bengalensis,Thalasseus bengalensis,31
Indian Skimmer,Rynchops albicollis,Rynchops albicollis,21
White-tailed Tropicbird,Phaethon lepturus,Phaethon lepturus,28
Red-billed Tropicbird,Phaethon aethereus,Phaethon aethereus,33
Red-tailed Tropicbird,Phaethon rubricauda,Phaethon rubricauda,30
Red-throated Loon,Gavia stellata,Gavia stellata,26
Arctic Loon,Gavia arctica,Gavia arctica,29
Light-mantled Albatross,Phoebetria palpebrata,Phoebetria palpebrata,66
Wilson's Storm-Petrel,Oceanites oceanicus,Oceanites oceanicus,32
White-faced Storm-Petrel,Pelagodroma marina,Pelagodroma marina,20
Black-bellied Storm-Petrel,Fregetta tropica,Fregetta tropica,19
Swinhoe's Storm-Petrel,Hydrobates monorhis,Hydrobates monorhis,33
Barau's Petrel,Pterodroma baraui,Pterodroma baraui,40
Jouanin's Petrel,Bulweria fallax,Bulweria fallax,36
Streaked Shearwater,Calonectris leucomelas,Calonectris leucomelas,51
Cory's Shearwater,Calonectris diomedea,Calonectris diomedea,41
Flesh-footed Shearwater,Ardenna carneipes,Ardenna carneipes,45
Wedge-tailed Shearwater,Ardenna pacifica,Ardenna pacifica,38
Short-tailed Shearwater,Ardenna tenuirostris,Ardenna tenuirostris,61
Tropical Shearwater,Puffinus bailloni,Puffinus bailloni,36
Persian Shearwater,Puffinus persicus,Puffinus persicus,35
Asian Openbill,Anastomus oscitans,Anastomus oscitans,20
Black Stork,Ciconia nigra,Ciconia nigra,38
Asian Woolly-necked Stork,Ciconia episcopus,Ciconia episcopus,29
White Stork,Ciconia ciconia,Ciconia ciconia,39
Black-necked Stork,Ephippiorhynchus asiaticus,Ephippiorhynchus asiaticus,31
Lesser Adjutant,Leptoptilos javanicus,Leptoptilos javanicus,36
Greater Adjutant,Leptoptilos dubius,Leptoptilos dubius,38
Painted Stork,Mycteria leucocephala,Mycteria leucocephala,29
Lesser Frigatebird,Fregata ariel,Fregata ariel,39
Christmas Island Frigatebird,Fregata andrewsi,Fregata andrewsi,51
Great Frigatebird,Fregata minor,Fregata minor,49
Masked Booby,Sula dactylatra,Sula dactylatra,35
Brown Booby,Sula leucogaster,Sula leucogaster,41
Red-footed Booby,Sula sula,Sula sula,31
Oriental Darter,Anhinga melanogaster,Anhinga melanogaster,19
Little Cormorant,Microcarbo niger,Microcarbo niger,14
Great Cormorant,Phalacrocorax carbo,Phalacrocorax carbo,33
Indian Cormorant,Phalacrocorax fuscicollis,Phalacrocorax fuscicollis,17
Great White Pelican,Pelecanus onocrotalus,Pelecanus onocrotalus,44
Spot-billed Pelican,Pelecanus philippensis,Pelecanus philippensis,28
Dalmatian Pelican,Pelecanus crispus,Pelecanus crispus,31
Great Bittern,Botaurus stellaris,Botaurus stellaris,12
Yellow Bittern,Ixobrychus sinensis,Ixobrychus sinensis,12
Little Bittern,Ixobrychus minutus,Ixobrychus minutus,13
Cinnamon Bittern,Ixobrychus cinnamomeus,Ixobrychus cinnamomeus,14
Black Bittern,Ixobrychus flavicollis,Ixobrychus flavicollis,16
Gray Heron,Ardea cinerea,Ardea cinerea,25
White-bellied Heron,Ardea insignis,Ardea insignis,21
Goliath Heron,Ardea goliath,Ardea goliath,32
Purple Heron,Ardea purpurea,Ardea purpurea,18
Great Egret,Ardea alba,Ardea alba,17
Intermediate Egret,Ardea intermedia,Ardea intermedia,16
Chinese Egret,Egretta eulophotes,Egretta eulophotes,17
Little Egret,Egretta garzetta,Egretta garzetta,15
Western Reef-Heron,Egretta gularis,Egretta gularis,14
Pacific Reef-Heron,Egretta sacra,Egretta sacra,16
Cattle Egret,Bubulcus ibis,Bubulcus ibis,20
Indian Pond-Heron,Ardeola grayii,Ardeola grayii,15
Chinese Pond-Heron,Ardeola bacchus,Ardeola bacchus,15
Javan Pond-Heron,Ardeola speciosa,Ardeola speciosa,16
Striated Heron,Butorides striata,Butorides striata,13
Black-crowned Night-Heron,Nycticorax nycticorax,Nycticorax nycticorax,21
White-eared Night-Heron,Gorsachius magnificus,Oroanassa magnifica,17
Malayan Night-Heron,Gorsachius melanolophus,Gorsachius melanolophus,16
Glossy Ibis,Plegadis falcinellus,Plegadis falcinellus,26
Black-headed Ibis,Threskiornis melanocephalus,Threskiornis melanocephalus,33
Red-naped Ibis,Pseudibis papillosa,Pseudibis papillosa,27
Eurasian Spoonbill,Platalea leucorodia,Platalea leucorodia,29
Osprey,Pandion haliaetus,Pandion haliaetus,29
Black-winged Kite,Elanus caeruleus,Elanus caeruleus,14
Bearded Vulture,Gypaetus barbatus,Gypaetus barbatus,60
Egyptian Vulture,Neophron percnopterus,Neophron percnopterus,50
European Honey-buzzard,Pernis apivorus,Pernis apivorus,27
Oriental Honey-buzzard,Pernis ptilorhynchus,Pernis ptilorhynchus,26
Jerdon's Baza,Aviceda jerdoni,Aviceda jerdoni,20
Black Baza,Aviceda leuphotes,Aviceda leuphotes,16
Red-headed Vulture,Sarcogyps calvus,Sarcogyps calvus,39
Cinereous Vulture,Aegypius monachus,Aegypius monachus,45
White-rumped Vulture,Gyps bengalensis,Gyps bengalensis,35
Indian Vulture,Gyps indicus,Gyps indicus,40
Slender-billed Vulture,Gyps tenuirostris,Gyps tenuirostris,40
Himalayan Griffon,Gyps himalayensis,Gyps himalayensis,44
Eurasian Griffon,Gyps fulvus,Gyps fulvus,42
Nicobar Serpent-Eagle,Spilornis klossi,Spilornis klossi,28
Crested Serpent-Eagle,Spilornis cheela,Spilornis cheela,24
Andaman Serpent-Eagle,Spilornis elgini,Spilornis elgini,28
Short-toed Snake-Eagle,Circaetus gallicus,Circaetus gallicus,35
Changeable Hawk-Eagle,Nisaetus cirrhatus,Nisaetus cirrhatus,31
Mountain Hawk-Eagle,Nisaetus nipalensis,Nisaetus nipalensis,34
Legge's Hawk-Eagle,Nisaetus kelaarti,Nisaetus nipalensis,34
Rufous-bellied Eagle,Lophotriorchis kienerii,Lophotriorchis kienerii,27
Black Eagle,Ictinaetus malaiensis,Ictinaetus malaiensis,29
Indian Spotted Eagle,Clanga hastata,Clanga hastata,29
Greater Spotted Eagle,Clanga clanga,Clanga clanga,30
Booted Eagle,Hieraaetus pennatus,Hieraaetus pennatus,20
Tawny Eagle,Aquila rapax,Aquila rapax,43
Steppe Eagle,Aquila nipalensis,Aquila nipalensis,40
Imperial Eagle,Aquila heliaca,Aquila heliaca,50
Golden Eagle,Aquila chrysaetos,Aquila chrysaetos,57
Bonelli's Eagle,Aquila fasciata,Aquila fasciata,35
White-eyed Buzzard,Butastur teesa,Butastur teesa,17
Rufous-winged Buzzard,Butastur liventer,Butastur liventer,18
Gray-faced Buzzard,Butastur indicus,Butastur indicus,17
Eurasian Marsh-Harrier,Circus aeruginosus,Circus aeruginosus,20
Eastern Marsh-Harrier,Circus spilonotus,Circus spilonotus,19
Hen Harrier,Circus cyaneus,Circus cyaneus,25
Pallid Harrier,Circus macrourus,Circus macrourus,16
Pied Harrier,Circus melanoleucos,Circus melanoleucos,14
Montagu's Harrier,Circus pygargus,Circus pygargus,17
Crested Goshawk,Accipiter trivirgatus,Accipiter trivirgatus,18
Shikra,Accipiter badius,Accipiter badius,11
Nicobar Sparrowhawk,Accipiter butleri,Accipiter butleri,18
Chinese Sparrowhawk,Accipiter soloensis,Accipiter soloensis,14
Japanese Sparrowhawk,Accipiter gularis,Accipiter gularis,12
Besra,Accipiter virgatus,Accipiter virgatus,12
Eurasian Sparrowhawk,Accipiter nisus,Accipiter nisus,16
Northern Goshawk,Accipiter gentilis,Accipiter gentilis,24
Red Kite,Milvus milvus,Milvus milvus,33
Black Kite,Milvus migrans,Milvus migrans,28
Brahminy Kite,Haliastur indus,Haliastur indus,20
White-tailed Eagle,Haliaeetus albicilla,Haliaeetus albicilla,51
Pallas's Fish-Eagle,Haliaeetus leucoryphus,Haliaeetus leucoryphus,37
White-bellied Sea-Eagle,Haliaeetus leucogaster,Haliaeetus leucogaster,37
Lesser Fish-Eagle,Haliaeetus humilis,Icthyophaga humilis,24
Gray-headed Fish-Eagle,Haliaeetus ichthyaetus,Icthyophaga ichthyaetus,29
Rough-legged Hawk,Buteo lagopus,Buteo lagopus,21
Common Buzzard,Buteo buteo,Buteo buteo,29
Himalayan Buzzard,Buteo refectus,Buteo refectus,25
Long-legged Buzzard,Buteo rufinus,Buteo rufinus,22
Upland Buzzard,Buteo hemilasius,Buteo hemilasius,23
Australasian Grass-Owl,Tyto longimembris,Tyto longimembris,14
Barn Owl,Tyto alba,Tyto alba,21
Andaman Masked-Owl,Tyto deroepstorffi,Tyto alba,21
Oriental Bay-Owl,Phodilus badius,Phodilus badius,16
Sri Lanka Bay-Owl,Phodilus assimilis,Phodilus assimilis,16
Andaman Scops-Owl,Otus balli,Otus balli,11
Mountain Scops-Owl,Otus spilocephalus,Otus spilocephalus,9
Indian Scops-Owl,Otus bakkamoena,Otus bakkamoena,10
Collared Scops-Owl,Otus lettia,Otus lettia,11
Nicobar Scops-Owl,Otus alius,Otus alius,10
Eurasian Scops-Owl,Otus scops,Otus scops,9
Pallid Scops-Owl,Otus brucei,Otus brucei,9
Oriental Scops-Owl,Otus sunia,Otus sunia,9
Eurasian Eagle-Owl,Bubo bubo,Bubo bubo,41
Rock Eagle-Owl,Bubo bengalensis,Bubo bengalensis,30
Spot-bellied Eagle-Owl,Bubo nipalensis,Bubo nipalensis,27
Dusky Eagle-Owl,Bubo coromandus,Bubo coromandus,24
Brown Fish-Owl,Ketupa zeylonensis,Ketupa zeylonensis,27
Tawny Fish-Owl,Ketupa flavipes,Ketupa flavipes,33
Buffy Fish-Owl,Ketupa ketupu,Ketupa ketupu,29
Asian Barred Owlet,Glaucidium cuculoides,Glaucidium cuculoides,13
Jungle Owlet,Glaucidium radiatum,Glaucidium radiatum,13
Collared Owlet,Taenioptynx brodiei,Glaucidium brodiei,10
Spotted Owlet,Athene brama,Athene brama,13
Little Owl,Athene noctua,Athene noctua,11
Forest Owlet,Athene blewitti,Athene blewitti,15
Mottled Wood-Owl,Strix ocellata,Strix ocellata,20
Brown Wood-Owl,Strix leptogrammica,Strix leptogrammica,25
Tawny Owl,Strix aluco,Strix aluco,17
Himalayan Owl,Strix nivicolum,Strix nivicolum,15
Long-eared Owl,Asio otus,Asio otus,17
Short-eared Owl,Asio flammeus,Asio flammeus,14
Boreal Owl,Aegolius funereus,Aegolius funereus,12
Andaman Boobook,Ninox affinis,Ninox affinis,19
Brown Boobook,Ninox scutulata,Ninox scutulata,15
Hume's Boobook,Ninox obscura,Ninox obscura,17
Malabar Trogon,Harpactes fasciatus,Harpactes fasciatus,12
Red-headed Trogon,Harpactes erythrocephalus,Harpactes erythrocephalus,13
Ward's Trogon,Harpactes wardi,Harpactes wardi,14
Eurasian Hoopoe,Upupa epops,Upupa epops,8
Great Hornbill,Buceros bicornis,Buceros bicornis,63
Brown Hornbill,Anorrhinus austeni,Anorrhinus austeni,21
Indian Gray Hornbill,Ocyceros birostris,Ocyceros birostris,18
Malabar Gray Hornbill,Ocyceros griseus,Ocyceros griseus,18
Malabar Pied-Hornbill,Anthracoceros coronatus,Anthracoceros coronatus,22
Oriental Pied-Hornbill,Anthracoceros albirostris,Anthracoceros albirostris,23
Rufous-necked Hornbill,Aceros nipalensis,Aceros nipalensis,33
Wreathed Hornbill,Rhyticeros undulatus,Rhyticeros undulatus,31
Narcondam Hornbill,Rhyticeros narcondami,Rhyticeros narcondami,24
Blyth's Kingfisher,Alcedo hercules,Alcedo hercules,11
Common Kingfisher,Alcedo atthis,Alcedo atthis,14
Blue-eared Kingfisher,Alcedo meninting,Alcedo meninting,11
Black-backed Dwarf-Kingfisher,Ceyx erithaca,Ceyx erithaca,8
Rufous-backed Dwarf-Kingfisher,Ceyx rufidorsa,Ceyx erithaca,8
Brown-winged Kingfisher,Pelargopsis amauroptera,Pelargopsis amauroptera,15
Stork-billed Kingfisher,Pelargopsis capensis,Pelargopsis capensis,15
Ruddy Kingfisher,Halcyon coromanda,Halcyon coromanda,9
White-throated Kingfisher,Halcyon smyrnensis,Halcyon smyrnensis,11
Black-capped Kingfisher,Halcyon pileata,Halcyon pileata,10
Collared Kingfisher,Todiramphus chloris,Todiramphus chloris,10
Crested Kingfisher,Megaceryle lugubris,Megaceryle lugubris,14
Pied Kingfisher,Ceryle rudis,Ceryle rudis,10
Blue-bearded Bee-eater,Nyctyornis athertoni,Nyctyornis athertoni,12
Asian Green Bee-eater,Merops orientalis,Merops orientalis,8
Blue-throated Bee-eater,Merops viridis,Merops viridis,10
Blue-cheeked Bee-eater,Merops persicus,Merops persicus,9
Blue-tailed Bee-eater,Merops philippinus,Merops philippinus,8
European Bee-eater,Merops apiaster,Merops apiaster,9
Chestnut-headed Bee-eater,Merops leschenaulti,Merops leschenaulti,10
European Roller,Coracias garrulus,Coracias garrulus,11
Indian Roller,Coracias benghalensis,Coracias benghalensis,14
Indochinese Roller,Coracias affinis,Coracias affinis,15
Dollarbird,Eurystomus orientalis,Eurystomus orientalis,13
Malabar Barbet,Psilopogon malabaricus,Psilopogon malabaricus,11
Coppersmith Barbet,Psilopogon haemacephalus,Psilopogon haemacephalus,11
Blue-eared Barbet,Psilopogon duvaucelii,Psilopogon duvaucelii,11
Great Barbet,Psilopogon virens,Psilopogon virens,15
Lineated Barbet,Psilopogon lineatus,Psilopogon lineatus,15
Brown-headed Barbet,Psilopogon zeylanicus,Psilopogon zeylanicus,14
White-cheeked Barbet,Psilopogon viridis,Psilopogon viridis,13
Golden-throated Barbet,Psilopogon franklinii,Psilopogon franklinii,12
Blue-throated Barbet,Psilopogon asiaticus,Psilopogon asiaticus,13
Yellow-rumped Honeyguide,Indicator xanthonotus,Indicator xanthonotus,10
Eurasian Wryneck,Jynx torquilla,Jynx torquilla,8
Speckled Piculet,Picumnus innominatus,Picumnus innominatus,8
White-browed Piculet,Sasia ochracea,Sasia ochracea,8
Heart-spotted Woodpecker,Hemicircus canente,Hemicircus canente,12
Brown-capped Pygmy Woodpecker,Yungipicus nanus,Picoides nanus,9
Gray-capped Pygmy Woodpecker,Yungipicus canicapillus,Picoides canicapillus,8
Yellow-crowned Woodpecker,Leiopicus mahrattensis,Leiopicus mahrattensis,10
Brown-fronted Woodpecker,Dendrocoptes auriceps,Leiopicus auriceps,10
Rufous-bellied Woodpecker,Dendrocopos hyperythrus,Dendrocopos hyperythrus,9
Fulvous-breasted Woodpecker,Dendrocopos macei,Dendrocopos macei,10
Freckle-breasted Woodpecker,Dendrocopos analis,Dendrocopos analis,10
Stripe-breasted Woodpecker,Dendrocopos atratus,Dendrocopos atratus,9
Darjeeling Woodpecker,Dendrocopos darjellensis,Dendrocopos darjellensis,11
Great Spotted Woodpecker,Dendrocopos major,Dendrocopos major,9
Himalayan Woodpecker,Dendrocopos himalayensis,Dendrocopos himalayensis,11
Sind Woodpecker,Dendrocopos assimilis,Dendrocopos assimilis,10
Crimson-breasted Woodpecker,Dryobates cathpharius,Dryobates cathpharius,8
Bay Woodpecker,Blythipicus pyrrhotis,Blythipicus pyrrhotis,15
Greater Flameback,Chrysocolaptes guttacristatus,Chrysocolaptes guttacristatus,16
White-naped Woodpecker,Chrysocolaptes festivus,Chrysocolaptes festivus,18
Rufous Woodpecker,Micropternus brachyurus,Micropternus brachyurus,14
Pale-headed Woodpecker,Gecinulus grantia,Gecinulus grantia,13
Himalayan Flameback,Dinopium shorii,Dinopium shorii,13
Common Flameback,Dinopium javanense,Dinopium javanense,12
Black-rumped Flameback,Dinopium benghalense,Dinopium benghalense,13
Lesser Yellownape,Picus chlorolophus,Picus chlorolophus,10
Streak-throated Woodpecker,Picus xanthopygaeus,Picus xanthopygaeus,11
Scaly-bellied Woodpecker,Picus squamatus,Picus squamatus,11
Gray-headed Woodpecker,Picus canus,Picus canus,10
Greater Yellownape,Chrysophlegma flavinucha,Chrysophlegma flavinucha,19
Great Slaty Woodpecker,Mulleripicus pulverulentus,Mulleripicus pulverulentus,20
White-bellied Woodpecker,Dryocopus javensis,Dryocopus javensis,14
Andaman Woodpecker,Dryocopus hodgei,Dryocopus hodgei,13
Collared Falconet,Microhierax caerulescens,Microhierax caerulescens,10
Pied Falconet,Microhierax melanoleucos,Microhierax melanoleucos,11
Lesser Kestrel,Falco naumanni,Falco naumanni,13
Eurasian Kestrel,Falco tinnunculus,Falco tinnunculus,18
Red-necked Falcon,Falco chicquera,Falco chicquera,14
Red-footed Falcon,Falco vespertinus,Falco vespertinus,15
Amur Falcon,Falco amurensis,Falco amurensis,13
Merlin,Falco columbarius,Falco columbarius,11
Eurasian Hobby,Falco subbuteo,Falco subbuteo,14
Oriental Hobby,Falco severus,Falco severus,13
Laggar Falcon,Falco jugger,Falco jugger,18
Saker Falcon,Falco cherrug,Falco cherrug,20
Peregrine Falcon,Falco peregrinus,Falco peregrinus,18
Alexandrine Parakeet,Psittacula eupatria,Palaeornis eupatria,28
Rose-ringed Parakeet,Psittacula krameri,Alexandrinus krameri,31
Slaty-headed Parakeet,Psittacula himalayana,Himalayapsitta himalayana,20
Gray-headed Parakeet,Psittacula finschii,Himalayapsitta finschii,19
Plum-headed Parakeet,Psittacula cyanocephala,Himalayapsitta cyanocephala,21
Blossom-headed Parakeet,Psittacula roseata,Himalayapsitta roseata,20
Malabar Parakeet,Psittacula columboides,Nicopsitta columboides,12
Derbyan Parakeet,Psittacula derbiana,Psittacula derbiana,20
Red-breasted Parakeet,Psittacula alexandri,Psittacula alexandri,17
Nicobar Parakeet,Psittacula caniceps,Psittacula caniceps,17
Long-tailed Parakeet,Psittacula longicauda,Belocercus longicaudus,15
Vernal Hanging-Parrot,Loriculus vernalis,Loriculus vernalis,9
Long-tailed Broadbill,Psarisomus dalhousiae,Psarisomus dalhousiae,10
Silver-breasted Broadbill,Serilophus lunatus,Serilophus lunatus,10
Blue-naped Pitta,Hydrornis nipalensis,Hydrornis nipalensis,13
Blue Pitta,Hydrornis cyaneus,Hydrornis cyaneus,11
Indian Pitta,Pitta brachyura,Pitta brachyura,9
Blue-winged Pitta,Pitta moluccensis,Pitta moluccensis,10
Hooded Pitta,Pitta sordida,Pitta sordida,11
Mangrove Pitta,Pitta megarhyncha,Pitta megarhyncha,14
White-bellied Minivet,Pericrocotus erythropygius,Pericrocotus erythropygius,8
Small Minivet,Pericrocotus cinnamomeus,Pericrocotus cinnamomeus,8
Gray-chinned Minivet,Pericrocotus solaris,Pericrocotus solaris,9
Short-billed Minivet,Pericrocotus brevirostris,Pericrocotus brevirostris,9
Long-tailed Minivet,Pericrocotus ethologus,Pericrocotus ethologus,9
Orange Minivet,Pericrocotus flammeus,Pericrocotus flammeus,10
Scarlet Minivet,Pericrocotus speciosus,Pericrocotus flammeus,10
Ashy Minivet,Pericrocotus divaricatus,Pericrocotus divaricatus,10
Brown-rumped Minivet,Pericrocotus cantonensis,Pericrocotus cantonensis,9
Rosy Minivet,Pericrocotus roseus,Pericrocotus roseus,9
Large Cuckooshrike,Coracina macei,Coracina javensis,14
Andaman Cuckooshrike,Coracina dobsoni,Coracina dobsoni,16
Pied Triller,Lalage nigra,Lalage nigra,11
Black-winged Cuckooshrike,Lalage melaschistos,Lalage melaschistos,11
Black-headed Cuckooshrike,Lalage melanoptera,Lalage melanoptera,10
Black-headed Shrike-Babbler,Pteruthius rufiventer,Pteruthius rufiventer,11
White-browed Shrike-Babbler,Pteruthius aeralatus,Pteruthius aeralatus,11
Green Shrike-Babbler,Pteruthius xanthochlorus,Pteruthius xanthochlorus,8
Black-eared Shrike-Babbler,Pteruthius melanotis,Pteruthius melanotis,8
Clicking Shrike-Babbler,Pteruthius intermedius,Pteruthius aenobarbus,11
White-bellied Erpornis,Erpornis zantholeuca,Erpornis zantholeuca,9
Mangrove Whistler,Pachycephala cinerea,Pachycephala cinerea,14
Eurasian Golden Oriole,Oriolus oriolus,Oriolus oriolus,11
Indian Golden Oriole,Oriolus kundoo,Oriolus kundoo,11
Black-naped Oriole,Oriolus chinensis,Oriolus chinensis,12
Slender-billed Oriole,Oriolus tenuirostris,Oriolus tenuirostris,11
Black-hooded Oriole,Oriolus xanthornus,Oriolus xanthornus,11
Maroon Oriole,Oriolus traillii,Oriolus traillii,11
Ashy Woodswallow,Artamus fuscus,Artamus fuscus,12
White-breasted Woodswallow,Artamus leucorynchus,Artamus leucoryn,11
Malabar Woodshrike,Tephrodornis sylvicola,Tephrodornis sylvicola,11
Large Woodshrike,Tephrodornis virgatus,Tephrodornis virgatus,11
Common Woodshrike,Tephrodornis pondicerianus,Tephrodornis pondicerianus,9
Bar-winged Flycatcher-shrike,Hemipus picatus,Hemipus picatus,8
Common Iora,Aegithina tiphia,Aegithina tiphia,8
White-tailed Iora,Aegithina nigrolutea,Aegithina nigrolutea,8
White-throated Fantail,Rhipidura albicollis,Rhipidura albicollis,7
Spot-breasted Fantail,Rhipidura albogularis,Rhipidura albogularis,7
White-browed Fantail,Rhipidura aureola,Rhipidura aureola,7
Black Drongo,Dicrurus macrocercus,Dicrurus macrocercus,10
Ashy Drongo,Dicrurus leucophaeus,Dicrurus leucophaeus,9
White-bellied Drongo,Dicrurus caerulescens,Dicrurus caerulescens,11
Crow-billed Drongo,Dicrurus annectens,Dicrurus annectens,10
Bronzed Drongo,Dicrurus aeneus,Dicrurus aeneus,9
Lesser Racket-tailed Drongo,Dicrurus remifer,Dicrurus remifer,11
Hair-crested Drongo,Dicrurus hottentottus,Dicrurus hottentottus,11
Andaman Drongo,Dicrurus andamanensis,Dicrurus andamanensis,11
Greater Racket-tailed Drongo,Dicrurus paradiseus,Dicrurus paradiseus,12
Black-naped Monarch,Hypothymis azurea,Hypothymis azurea,8
Amur Paradise-Flycatcher,Terpsiphone incei,Terpsiphone incei,9
Blyth's Paradise-Flycatcher,Terpsiphone affinis,Terpsiphone affinis,9
Indian Paradise-Flycatcher,Terpsiphone paradisi,Terpsiphone paradisi,8
Red-backed Shrike,Lanius collurio,Lanius collurio,8
Red-tailed Shrike,Lanius phoenicuroides,Lanius phoenicuroides,8
Isabelline Shrike,Lanius isabellinus,Lanius isabellinus,7
Brown Shrike,Lanius cristatus,Lanius cristatus,8
Burmese Shrike,Lanius collurioides,Lanius collurioides,8
Bay-backed Shrike,Lanius vittatus,Lanius vittatus,7
Long-tailed Shrike,Lanius schach,Lanius schach,9
Gray-backed Shrike,Lanius tephronotus,Lanius tephronotus,8
Great Gray Shrike,Lanius excubitor,Lanius excubitor,11
Lesser Gray Shrike,Lanius minor,Lanius minor,8
Masked Shrike,Lanius nubicus,Lanius nubicus,7
Woodchat Shrike,Lanius senator,Lanius senator,8
Eurasian Jay,Garrulus glandarius,Garrulus glandarius,14
Black-headed Jay,Garrulus lanceolatus,Garrulus lanceolatus,14
Yellow-billed Blue-Magpie,Urocissa flavirostris,Urocissa flavirostris,14
Red-billed Blue-Magpie,Urocissa erythroryncha,Urocissa erythroryncha,14
Common Green-Magpie,Cissa chinensis,Cissa chinensis,12
Rufous Treepie,Dendrocitta vagabunda,Dendrocitta vagabunda,12
Gray Treepie,Dendrocitta formosae,Dendrocitta formosae,13
White-bellied Treepie,Dendrocitta leucogastra,Dendrocitta leucogastra,13
Collared Treepie,Dendrocitta frontalis,Dendrocitta frontalis,13
Andaman Treepie,Dendrocitta bayleii,Dendrocitta bayleii,14
Eurasian Magpie,Pica pica,Pica pica,17
Eurasian Nutcracker,Nucifraga caryocatactes,Nucifraga hemispila,14
Kashmir Nutcracker,Nucifraga multipunctata,Nucifraga multipunctata,14
Red-billed Chough,Pyrrhocorax pyrrhocorax,Pyrrhocorax pyrrhocorax,26
Yellow-billed Chough,Pyrrhocorax graculus,Pyrrhocorax graculus,27
Eurasian Jackdaw,Corvus monedula,Corvus monedula,16
House Crow,Corvus splendens,Corvus splendens,16
Rook,Corvus frugilegus,Corvus frugilegus,18
Carrion Crow,Corvus corone,Corvus corone,21
Hooded Crow,Corvus cornix,Corvus corone,21
Large-billed Crow,Corvus macrorhynchos,Corvus macrorhynchos,19
Pied Crow,Corvus albus,Corvus albus,20
Common Raven,Corvus corax,Corvus corax,28
Yellow-bellied Fairy-Fantail,Chelidorhynx hypoxanthus,Chelidorhynx hypoxanthus,9
Gray-headed Canary-Flycatcher,Culicicapa ceylonensis,Culicicapa ceylonensis,7
Fire-capped Tit,Cephalopyrus flammiceps,Cephalopyrus flammiceps,7
Yellow-browed Tit,Sylviparus modestus,Sylviparus modestus,7
Sultan Tit,Melanochlora sultanea,Melanochlora sultanea,9
Coal Tit,Periparus ater,Periparus ater,8
Rufous-naped Tit,Periparus rufonuchalis,Periparus rufonuchalis,8
Rufous-vented Tit,Periparus rubidiventris,Periparus rubidiventris,8
Gray-crested Tit,Lophophanes dichrous,Lophophanes dichrous,9
Azure Tit,Cyanistes cyanus,Cyanistes cyanus,9
Ground Tit,Pseudopodoces humilis,Pseudopodoces humilis,10
Green-backed Tit,Parus monticolus,Parus monticolus,10
Cinereous Tit,Parus cinereus,Parus major,11
White-naped Tit,Machlolophus nuchalis,Machlolophus nuchalis,8
Himalayan Black-lored Tit,Machlolophus xanthogenys,Machlolophus xanthogenys,8
Indian Yellow Tit,Machlolophus aplonotus,Machlolophus xanthogenys,8
Yellow-cheeked Tit,Machlolophus spilonotus,Machlolophus spilonotus,8
White-crowned Penduline-Tit,Remiz coronatus,Remiz coronatus,6
Greater Hoopoe-Lark,Alaemon alaudipes,Alaemon alaudipes,11
Rufous-tailed Lark,Ammomanes phoenicura,Ammomanes phoenicura,9
Desert Lark,Ammomanes deserti,Ammomanes deserti,9
Black-crowned Sparrow-Lark,Eremopterix nigriceps,Eremopterix nigriceps,9
Ashy-crowned Sparrow-Lark,Eremopterix griseus,Eremopterix griseus,9
Horsefield's Bushlark,Mirafra javanica,Mirafra javanica,9
Bengal Bushlark,Mirafra assamica,Mirafra assamica,10
Jerdon's Bushlark,Mirafra affinis,Mirafra affinis,10
Indian Bushlark,Mirafra erythroptera,Mirafra erythroptera,9
Horned Lark,Eremophila alpestris,Eremophila alpestris,10
Greater Short-toed Lark,Calandrella brachydactyla,Calandrella brachydactyla,9
Mongolian Short-toed Lark,Calandrella dukhunensis,Calandrella dukhunensis,9
Hume's Lark,Calandrella acutirostris,Calandrella acutirostris,9
Bimaculated Lark,Melanocorypha bimaculata,Melanocorypha bimaculata,10
Tibetan Lark,Melanocorypha maxima,Melanocorypha maxima,12
Turkestan Short-toed Lark,Alaudala heinei,Alaudala heinei,9
Sand Lark,Alaudala raytal,Alaudala raytal,9
Eurasian Skylark,Alauda arvensis,Alauda arvensis,9
Oriental Skylark,Alauda gulgula,Alauda gulgula,9
Crested Lark,Galerida cristata,Galerida cristata,9
Malabar Lark,Galerida malabarica,Galerida malabarica,11
Tawny Lark,Galerida deva,Galerida deva,8
Common Tailorbird,Orthotomus sutorius,Orthotomus sutorius,7
Dark-necked Tailorbird,Orthotomus atrogularis,Orthotomus atrogularis,7
Himalayan Prinia,Prinia crinigera,Prinia crinigera,7
Black-throated Prinia,Prinia atrogularis,Prinia atrogularis,7
Rufous-crowned Prinia,Prinia khasiana,Prinia khasiana,8
Hill Prinia,Prinia superciliaris,Prinia superciliaris,8
Gray-crowned Prinia,Prinia cinereocapilla,Prinia cinereocapilla,7
Rufous-fronted Prinia,Prinia buchanani,Prinia buchanani,7
Rufescent Prinia,Prinia rufescens,Prinia rufescens,6
Gray-breasted Prinia,Prinia hodgsonii,Prinia hodgsonii,6
Delicate Prinia,Prinia lepida,Prinia gracilis,7
Jungle Prinia,Prinia sylvatica,Prinia sylvatica,8
Yellow-bellied Prinia,Prinia flaviventris,Prinia flaviventris,6
Ashy Prinia,Prinia socialis,Prinia socialis,7
Plain Prinia,Prinia inornata,Prinia inornata,6
Zitting Cisticola,Cisticola juncidis,Cisticola juncidis,6
Golden-headed Cisticola,Cisticola exilis,Cisticola exilis,7
Thick-billed Warbler,Arundinax aedon,Arundinax aedon,9
Booted Warbler,Iduna caligata,Iduna caligata,7
Sykes's Warbler,Iduna rama,Iduna rama,7
Black-browed Reed Warbler,Acrocephalus bistrigiceps,Acrocephalus bistrigiceps,8
Moustached Warbler,Acrocephalus melanopogon,Acrocephalus melanopogon,8
Sedge Warbler,Acrocephalus schoenobaenus,Acrocephalus schoenobaenus,9
Paddyfield Warbler,Acrocephalus agricola,Acrocephalus agricola,8
Blunt-winged Warbler,Acrocephalus concinens,Acrocephalus concinens,8
Blyth's Reed Warbler,Acrocephalus dumetorum,Acrocephalus dumetorum,7
Large-billed Reed Warbler,Acrocephalus orinus,Acrocephalus orinus,11
Great Reed Warbler,Acrocephalus arundinaceus,Acrocephalus arundinaceus,8
Oriental Reed Warbler,Acrocephalus orientalis,Acrocephalus orientalis,11
Clamorous Reed Warbler,Acrocephalus stentoreus,Acrocephalus stentoreus,9
Pallas's Grasshopper Warbler,Helopsaltes certhiola,Helopsaltes certhiola,8
Lanceolated Warbler,Locustella lanceolata,Locustella lanceolata,7
Brown Bush Warbler,Locustella luteoventris,Locustella luteoventris,7
Common Grasshopper-Warbler,Locustella naevia,Locustella naevia,7
Long-billed Bush Warbler,Locustella major,Locustella major,7
Chinese Bush Warbler,Locustella tacsanowskia,Locustella tacsanowskia,7
Baikal Bush Warbler,Locustella davidi,Locustella davidi,7
West Himalayan Bush Warbler,Locustella kashmirensis,Locustella kashmirensis,7
Spotted Bush Warbler,Locustella thoracica,Locustella thoracica,7
Russet Bush Warbler,Locustella mandelli,Locustella mandelli,7
Broad-tailed Grassbird,Schoenicola platyurus,Schoenicola platyurus,9
Bristled Grassbird,Schoenicola striatus,Schoenicola striatus,9
Striated Grassbird,Megalurus palustris,Megalurus palustris,11
Scaly-breasted Cupwing,Pnoepyga albiventer,Pnoepyga albiventer,9
Immaculate Cupwing,Pnoepyga immaculata,Pnoepyga immaculata,9
Pygmy Cupwing,Pnoepyga pusilla,Pnoepyga pusilla,8
Gray-throated Martin,Riparia chinensis,Riparia chinensis,8
Bank Swallow,Riparia riparia,Riparia riparia,8
Pale Sand Martin,Riparia diluta,Riparia diluta,8
Eurasian Crag-Martin,Ptyonoprogne rupestris,Ptyonoprogne rupestris,9
Dusky Crag-Martin,Ptyonoprogne concolor,Ptyonoprogne concolor,8
Barn Swallow,Hirundo rustica,Hirundo rustica,11
Wire-tailed Swallow,Hirundo smithii,Hirundo smithii,8
Hill Swallow,Hirundo domicola,Hirundo javanica,8
Pacific Swallow,Hirundo tahitica,Hirundo tahitica,9
Red-rumped Swallow,Cecropis daurica,Cecropis daurica,7
Striated Swallow,Cecropis striolata,Cecropis daurica,7
Streak-throated Swallow,Petrochelidon fluvicola,Petrochelidon fluvicola,7
Common House-Martin,Delichon urbicum,Delichon urbicum,10
Asian House-Martin,Delichon dasypus,Delichon dasypus,10
Nepal House-Martin,Delichon nipalense,Delichon nipalense,9
Gray-headed Bulbul,Brachypodius priocephalus,Brachypodius priocephalus,14
Black-headed Bulbul,Brachypodius melanocephalos,Brachypodius atriceps,12
Andaman Bulbul,Brachypodius fuscoflavescens,Brachypodius fuscoflavescens,13
Black-crested Bulbul,Rubigula flaviventris,Rubigula flaviventris,12
Flame-throated Bulbul,Rubigula gularis,Rubigula gularis,12
Crested Finchbill,Spizixos canifrons,Spizixos canifrons,12
Striated Bulbul,Pycnonotus striatus,Alcurus striatus,11
Red-vented Bulbul,Pycnonotus cafer,Pycnonotus cafer,11
Red-whiskered Bulbul,Pycnonotus jocosus,Pycnonotus jocosus,16
White-eared Bulbul,Pycnonotus leucotis,Pycnonotus leucotis,10
Himalayan Bulbul,Pycnonotus leucogenys,Pycnonotus leucogenys,11
Yellow-throated Bulbul,Pycnonotus xantholaemus,Pycnonotus xantholaemus,12
Flavescent Bulbul,Pycnonotus flavescens,Pycnonotus flavescens,11
White-browed Bulbul,Pycnonotus luteolus,Pycnonotus luteolus,12
White-throated Bulbul,Alophoixus flaveolus,Alophoixus flaveolus,11
Gray-eyed Bulbul,Iole propinqua,Iole propinqua,11
Cachar Bulbul,Iole cacharensis,Iole viridescens,10
Yellow-browed Bulbul,Iole indica,Acritillas indica,11
Black Bulbul,Hypsipetes leucocephalus,Hypsipetes leucocephalus,11
Square-tailed Bulbul,Hypsipetes ganeesa,Hypsipetes ganeesa,11
Nicobar Bulbul,Hypsipetes nicobariensis,Ixos nicobariensis,13
Ashy Bulbul,Hemixos flavala,Hemixos flavala,11
Mountain Bulbul,Ixos mcclellandii,Ixos mcclellandii,11
Wood Warbler,Phylloscopus sibilatrix,Phylloscopus sibilatrix,8
Ashy-throated Warbler,Phylloscopus maculipennis,Phylloscopus maculipennis,7
Buff-barred Warbler,Phylloscopus pulcher,Phylloscopus pulcher,8
Yellow-browed Warbler,Phylloscopus inornatus,Phylloscopus inornatus,8
Hume's Warbler,Phylloscopus humei,Phylloscopus humei,8
Brooks's Leaf Warbler,Phylloscopus subviridis,Phylloscopus subviridis,7
Chinese Leaf Warbler,Phylloscopus yunnanensis,Phylloscopus yunnanensis,8
Lemon-rumped Warbler,Phylloscopus chloronotus,Phylloscopus chloronotus,7
Sichuan Leaf Warbler,Phylloscopus forresti,Phylloscopus forresti,7
Tytler's Leaf Warbler,Phylloscopus tytleri,Phylloscopus tytleri,8
Sulphur-bellied Warbler,Phylloscopus griseolus,Phylloscopus griseolus,8
Tickell's Leaf Warbler,Phylloscopus affinis,Phylloscopus affinis,8
Dusky Warbler,Phylloscopus fuscatus,Phylloscopus fuscatus,8
Smoky Warbler,Phylloscopus fuligiventer,Phylloscopus fuligiventer,8
Plain Leaf Warbler,Phylloscopus neglectus,Phylloscopus neglectus,7
Buff-throated Warbler,Phylloscopus subaffinis,Phylloscopus subaffinis,8
Willow Warbler,Phylloscopus trochilus,Phylloscopus trochilus,9
Mountain Chiffchaff,Phylloscopus sindianus,Phylloscopus sindianus,8
Common Chiffchaff,Phylloscopus collybita,Phylloscopus tristis,8
White-spectacled Warbler,Phylloscopus intermedius,Phylloscopus intermedius,8
Gray-cheeked Warbler,Phylloscopus poliogenys,Phylloscopus poliogenys,8
Green-crowned Warbler,Phylloscopus burkii,Phylloscopus burkii,8
Gray-crowned Warbler,Phylloscopus tephrocephalus,Phylloscopus tephrocephalus,8
Whistler's Warbler,Phylloscopus whistleri,Phylloscopus whistleri,8
Green Warbler,Phylloscopus nitidus,Phylloscopus nitidus,8
Greenish Warbler,Phylloscopus trochiloides,Phylloscopus trochiloides,8
Two-barred Warbler,Phylloscopus plumbeitarsus,Phylloscopus plumbeitarsus,8
Large-billed Leaf Warbler,Phylloscopus magnirostris,Phylloscopus magnirostris,9
Pale-legged Leaf Warbler,Phylloscopus tenellipes,Phylloscopus tenellipes,9
Sakhalin Leaf Warbler,Phylloscopus borealoides,Phylloscopus borealoides,8
Arctic Warbler,Phylloscopus borealis,Phylloscopus borealis,8
Chestnut-crowned Warbler,Phylloscopus castaniceps,Phylloscopus castaniceps,7
Yellow-vented Warbler,Phylloscopus cantator,Phylloscopus cantator,7
Western Crowned Warbler,Phylloscopus occipitalis,Phylloscopus occipitalis,8
Blyth's Leaf Warbler,Phylloscopus reguloides,Phylloscopus reguloides,8
Claudia's Leaf Warbler,Phylloscopus claudiae,Phylloscopus claudiae,8
Gray-hooded Warbler,Phylloscopus xanthoschistos,Phylloscopus xanthoschistos,8
Pale-footed Bush Warbler,Urosphena pallidipes,Hemitesia pallidipes,8
Asian Stubtail,Urosphena squameiceps,Urosphena squameiceps,8
Gray-bellied Tesia,Tesia cyaniventer,Tesia cyaniventer,8
Slaty-bellied Tesia,Tesia olivea,Tesia olivea,7
Chestnut-crowned Bush Warbler,Cettia major,Cettia major,8
Gray-sided Bush Warbler,Cettia brunnifrons,Cettia brunnifrons,7
Chestnut-headed Tesia,Cettia castaneocoronata,Cettia castaneocoronata,8
Cetti's Warbler,Cettia cetti,Cettia cetti,8
Yellow-bellied Warbler,Abroscopus superciliaris,Abroscopus superciliaris,8
Rufous-faced Warbler,Abroscopus albogularis,Abroscopus albogularis,7
Black-faced Warbler,Abroscopus schisticeps,Abroscopus schisticeps,8
Mountain Tailorbird,Phyllergates cucullatus,Phyllergates cucullatus,7
Broad-billed Warbler,Tickellia hodgsoni,Tickellia hodgsoni,7
Manchurian Bush Warbler,Horornis canturians,Horornis canturians,8
Brownish-flanked Bush Warbler,Horornis fortipes,Horornis fortipes,8
Hume's Bush Warbler,Horornis brunnescens,Horornis brunnescens,7
Aberrant Bush Warbler,Horornis flavolivaceus,Horornis flavolivaceus,7
White-browed Tit-Warbler,Leptopoecile sophiae,Leptopoecile sophiae,6
Crested Tit-Warbler,Leptopoecile elegans,Leptopoecile elegans,6
White-cheeked Tit,Aegithalos leucogenys,Aegithalos leucogenys,8
Black-throated Tit,Aegithalos concinnus,Aegithalos concinnus,8
White-throated Tit,Aegithalos niveogularis,Aegithalos niveogularis,9
Black-browed Tit,Aegithalos iouschistos,Aegithalos iouschistos,8
Eurasian Blackcap,Sylvia atricapilla,Sylvia atricapilla,10
Garden Warbler,Sylvia borin,Sylvia borin,13
Barred Warbler,Curruca nisoria,Curruca nisoria,8
Lesser Whitethroat,Curruca curruca,Curruca curruca,7
Eastern Orphean Warbler,Curruca crassirostris,Curruca crassirostris,9
Asian Desert Warbler,Curruca nana,Curruca nana,7
Greater Whitethroat,Curruca communis,Curruca communis,8
Fire-tailed Myzornis,Myzornis pyrrhoura,Myzornis pyrrhoura,8
Golden-breasted Fulvetta,Lioparus chrysotis,Lioparus chrysotis,7
Yellow-eyed Babbler,Chrysomma sinense,Chrysomma sinense,8
Jerdon's Babbler,Chrysomma altirostre,Chrysomma altirostre,10
Brown-throated Fulvetta,Fulvetta ludlowi,Fulvetta ludlowi,8
White-browed Fulvetta,Fulvetta vinipectus,Fulvetta vinipectus,8
Streak-throated Fulvetta,Fulvetta manipurensis,Fulvetta manipurensis,8
Black-breasted Parrotbill,Paradoxornis flavirostris,Paradoxornis flavirostris,10
Spot-breasted Parrotbill,Paradoxornis guttaticollis,Paradoxornis guttaticollis,10
Great Parrotbill,Conostoma aemodium,Paradoxornis aemodium,14
Brown Parrotbill,Cholornis unicolor,Paradoxornis unicolor,11
Gray-headed Parrotbill,Psittiparus gularis,Paradoxornis gularis,11
White-breasted Parrotbill,Psittiparus ruficeps,Paradoxornis ruficeps,11
Rufous-headed Parrotbill,Psittiparus bakeri,Paradoxornis bakeri,11
Fulvous Parrotbill,Suthora fulvifrons,Suthora fulvifrons,7
Black-throated Parrotbill,Suthora nipalensis,Suthora nipalensis,6
Pale-billed Parrotbill,Chleuasicus atrosuperciliaris,Suthora atrosuperciliaris,9
Striated Yuhina,Staphida castaniceps,Staphida castaniceps,8
Black-chinned Yuhina,Yuhina nigrimenta,Yuhina nigrimenta,8
Whiskered Yuhina,Yuhina flavicollis,Yuhina flavicollis,9
White-naped Yuhina,Yuhina bakeri,Yuhina bakeri,9
Stripe-throated Yuhina,Yuhina gularis,Yuhina gularis,9
Rufous-vented Yuhina,Yuhina occipitalis,Yuhina occipitalis,10
Chestnut-flanked White-eye,Zosterops erythropleurus,Zosterops erythropleurus,8
Indian White-eye,Zosterops palpebrosus,Zosterops palpebrosus,8
Chestnut-capped Babbler,Timalia pileata,Timalia pileata,8
Tawny-bellied Babbler,Dumetia hyperythra,Dumetia hyperythra,8
Dark-fronted Babbler,Dumetia atriceps,Dumetia atriceps,10
Pin-striped Tit-Babbler,Mixornis gularis,Mixornis gularis,8
Golden Babbler,Cyanoderma chrysaeum,Cyanoderma chrysaeum,7
Black-chinned Babbler,Cyanoderma pyrrhops,Cyanoderma pyrrhops,8
Rufous-capped Babbler,Cyanoderma ruficeps,Cyanoderma ruficeps,8
Buff-chested Babbler,Cyanoderma ambiguum,Cyanoderma rufifrons,8
Rufous-throated Wren-Babbler,Spelaeornis caudatus,Spelaeornis caudatus,8
Mishmi Wren-Babbler,Spelaeornis badeigularis,Spelaeornis badeigularis,7
Bar-winged Wren-Babbler,Spelaeornis troglodytoides,Spelaeornis troglodytoides,7
Naga Wren-Babbler,Spelaeornis chocolatinus,Spelaeornis chocolatinus,8
Chin Hills Wren-Babbler,Spelaeornis oatesi,Spelaeornis oatesi,8
Tawny-breasted Wren-Babbler,Spelaeornis longicaudatus,Spelaeornis longicaudatus,8
Black-crowned Scimitar-Babbler,Pomatorhinus ferruginosus,Pomatorhinus ferruginosus,11
Brown-crowned Scimitar-Babbler,Pomatorhinus phayrei,Pomatorhinus phayrei,11
Red-billed Scimitar-Babbler,Pomatorhinus ochraceiceps,Pomatorhinus ochraceiceps,10
Slender-billed Scimitar-Babbler,Pomatorhinus superciliaris,Pomatorhinus superciliaris,9
Streak-breasted Scimitar-Babbler,Pomatorhinus ruficollis,Pomatorhinus ruficollis,10
White-browed Scimitar-Babbler,Pomatorhinus schisticeps,Pomatorhinus schisticeps,11
Indian Scimitar-Babbler,Pomatorhinus horsfieldii,Pomatorhinus horsfieldii,11
Large Scimitar-Babbler,Erythrogenys hypoleucos,Erythrogenys hypoleucos,14
Rusty-cheeked Scimitar-Babbler,Erythrogenys erythrogenys,Erythrogenys erythrogenys,12
Spot-breasted Scimitar-Babbler,Erythrogenys mcclellandi,Erythrogenys mcclellandi,12
Gray-throated Babbler,Stachyris nigriceps,Stachyris nigriceps,8
Sikkim Wedge-billed Babbler,Stachyris humei,Stachyris humei,10
Cachar Wedge-billed Babbler,Stachyris roberti,Stachyris roberti,11
Snowy-throated Babbler,Stachyris oglei,Stachyris oglei,10
Indian Grassbird,Graminicola bengalensis,Graminicola bengalensis,8
White-hooded Babbler,Gampsorhynchus rufulus,Gampsorhynchus rufulus,10
Yellow-throated Fulvetta,Schoeniparus cinereus,Schoeniparus cinereus,8
Rufous-winged Fulvetta,Schoeniparus castaneceps,Schoeniparus castaneceps,8
Rufous-throated Fulvetta,Schoeniparus rufogularis,Schoeniparus rufogularis,8
Rusty-capped Fulvetta,Schoeniparus dubius,Schoeniparus dubius,8
Puff-throated Babbler,Pellorneum ruficeps,Pellorneum ruficeps,10
Marsh Babbler,Pellorneum palustre,Pellorneum palustre,9
Spot-throated Babbler,Pellorneum albiventre,Pellorneum albiventre,9
Buff-breasted Babbler,Pellorneum tickelli,Pellorneum tickelli,9
Rufous-vented Grass Babbler,Laticilla burnesii,Laticilla burnesii,8
Swamp Grass Babbler,Laticilla cinerascens,Laticilla cinerascens,9
Abbott's Babbler,Malacocincla abbotti,Malacocincla abbotti,9
Streaked Wren-Babbler,Gypsophila brevicaudata,Gypsophila brevicaudata,9
Eyebrowed Wren-Babbler,Napothera epilepidota,Napothera epilepidota,8
Long-billed Wren-Babbler,Napothera malacoptila,Napothera malacoptila,9
Brown-cheeked Fulvetta,Alcippe poioicephala,Alcippe poioicephala,9
Nepal Fulvetta,Alcippe nipalensis,Alcippe nipalensis,8
Striated Laughingthrush,Grammatoptila striata,Grammatoptila striata,15
Himalayan Cutia,Cutia nipalensis,Cutia nipalensis,11
Scaly Laughingthrush,Trochalopteron subunicolor,Trochalopteron subunicolor,12
Brown-capped Laughingthrush,Trochalopteron austeni,Trochalopteron austeni,11
Blue-winged Laughingthrush,Trochalopteron squamatum,Trochalopteron squamatum,13
Streaked Laughingthrush,Trochalopteron lineatum,Trochalopteron lineatum,11
Bhutan Laughingthrush,Trochalopteron imbricatum,Trochalopteron imbricatum,11
Striped Laughingthrush,Trochalopteron virgatum,Trochalopteron virgatum,12
Variegated Laughingthrush,Trochalopteron variegatum,Trochalopteron variegatum,12
Black-faced Laughingthrush,Trochalopteron affine,Trochalopteron affine,13
Elliot's Laughingthrush,Trochalopteron elliotii,Trochalopteron elliotii,11
Chestnut-crowned Laughingthrush,Trochalopteron erythrocephalum,Trochalopteron erythrocephalum,13
Assam Laughingthrush,Trochalopteron chrysopterum,Trochalopteron chrysopterum,12
Banasura Laughingthrush,Montecincla jerdoni,Montecincla jerdoni,13
Nilgiri Laughingthrush,Montecincla cachinnans,Montecincla cachinnans,11
Palani Laughingthrush,Montecincla fairbanki,Montecincla fairbanki,12
Ashambu Laughingthrush,Montecincla meridionalis,Montecincla meridionalis,11
Long-tailed Sibia,Heterophasia picaoides,Heterophasia picaoides,10
Rufous Sibia,Heterophasia capistrata,Heterophasia capistrata,11
Beautiful Sibia,Heterophasia pulchella,Heterophasia pulchella,13
Gray Sibia,Heterophasia gracilis,Heterophasia gracilis,11
Hoary-throated Barwing,Actinodura nipalensis,Sibia nipalensis,12
Streak-throated Barwing,Actinodura waldeni,Sibia waldeni,13
Blue-winged Minla,Actinodura cyanouroptera,Siva cyanouroptera,9
Chestnut-tailed Minla,Actinodura strigula,Chrysominla strigula,9
Rusty-fronted Barwing,Actinodura egertoni,Actinodura egertoni,12
Red-billed Leiothrix,Leiothrix lutea,Leiothrix lutea,14
Silver-eared Mesia,Leiothrix argentauris,Leiothrix argentauris,12
Red-tailed Minla,Minla ignotincta,Minla ignotincta,8
Rufous-backed Sibia,Leioptila annectens,Leioptila annectens,10
Bugun Liocichla,Liocichla bugunorum,Liocichla bugunorum,11
Red-faced Liocichla,Liocichla phoenicea,Liocichla phoenicea,12
Large Gray Babbler,Argya malcolmi,Argya malcolmi,19
Slender-billed Babbler,Argya longirostris,Argya longirostris,16
Rufous Babbler,Argya subrufa,Argya subrufa,18
Jungle Babbler,Argya striata,Argya striata,17
Yellow-billed Babbler,Argya affinis,Argya affinis,18
Common Babbler,Argya caudata,Argya caudata,17
Striated Babbler,Argya earlei,Argya earlei,17
Spot-breasted Laughingthrush,Garrulax merulinus,Garrulax merulinus,14
Lesser Necklaced Laughingthrush,Garrulax monileger,Garrulax monileger,12
White-crested Laughingthrush,Garrulax leucolophus,Garrulax leucolophus,13
Rufous-chinned Laughingthrush,Ianthocincla rufogularis,Ianthocincla rufogularis,12
Moustached Laughingthrush,Ianthocincla cineracea,Ianthocincla cineracea,12
Spotted Laughingthrush,Ianthocincla ocellata,Ianthocincla ocellata,16
Wayanad Laughingthrush,Pterorhinus delesserti,Pterorhinus delesserti,14
Rufous-vented Laughingthrush,Pterorhinus gularis,Pterorhinus gularis,14
Yellow-throated Laughingthrush,Pterorhinus galbanus,Pterorhinus galbanus,12
Rufous-necked Laughingthrush,Pterorhinus ruficollis,Pterorhinus ruficollis,12
Chestnut-backed Laughingthrush,Pterorhinus nuchalis,Pterorhinus nuchalis,13
White-browed Laughingthrush,Pterorhinus sannio,Pterorhinus sannio,12
Greater Necklaced Laughingthrush,Pterorhinus pectoralis,Pterorhinus pectoralis,14
Mount Victoria Babax,Pterorhinus woodi,Pterorhinus woodi,11
White-throated Laughingthrush,Pterorhinus albogularis,Pterorhinus albogularis,14
Gray-sided Laughingthrush,Pterorhinus caerulatus,Pterorhinus caerulatus,13
Goldcrest,Regulus regulus,Regulus regulus,6
Wallcreeper,Tichodroma muraria,Tichodroma muraria,8
Indian Nuthatch,Sitta castanea,Sitta castanea,9
Chestnut-bellied Nuthatch,Sitta cinnamoventris,Sitta cinnamoventris,9
Chestnut-vented Nuthatch,Sitta nagaensis,Sitta nagaensis,9
Kashmir Nuthatch,Sitta cashmirensis,Sitta cashmirensis,8
White-tailed Nuthatch,Sitta himalayensis,Sitta himalayensis,8
White-cheeked Nuthatch,Sitta leucopsis,Sitta leucopsis,7
Yunnan Nuthatch,Sitta yunnanensis,Sitta yunnanensis,7
Velvet-fronted Nuthatch,Sitta frontalis,Sitta frontalis,9
Beautiful Nuthatch,Sitta formosa,Sitta formosa,8
Hodgson's Treecreeper,Certhia hodgsoni,Certhia hodgsoni,6
Bar-tailed Treecreeper,Certhia himalayana,Certhia himalayana,7
Rusty-flanked Treecreeper,Certhia nipalensis,Certhia nipalensis,7
Sikkim Treecreeper,Certhia discolor,Certhia discolor,8
Hume's Treecreeper,Certhia manipurensis,Certhia manipurensis,7
Indian Spotted Creeper,Salpornis spilonota,Salpornis spilonota,9
Eurasian Wren,Troglodytes troglodytes,Troglodytes troglodytes,6
Spotted Elachura,Elachura formosa,Elachura formosa,7
White-throated Dipper,Cinclus cinclus,Cinclus cinclus,8
Brown Dipper,Cinclus pallasii,Cinclus pallasii,9
Asian Glossy Starling,Aplonis panayensis,Aplonis panayensis,12
Golden-crested Myna,Ampeliceps coronatus,Ampeliceps coronatus,12
Common Hill Myna,Gracula religiosa,Gracula religiosa,19
Southern Hill Myna,Gracula indica,Gracula indica,18
European Starling,Sturnus vulgaris,Sturnus vulgaris,16
Rosy Starling,Pastor roseus,Pastor roseus,11
Daurian Starling,Agropsar sturninus,Agropsar sturninus,10
Chestnut-cheeked Starling,Agropsar philippensis,Agropsar philippensis,9
Indian Pied Starling,Gracupica contra,Gracupica contra,11
White-shouldered Starling,Sturnia sinensis,Sturnia sinensis,11
Brahminy Starling,Sturnia pagodarum,Sturnia pagodarum,11
Chestnut-tailed Starling,Sturnia malabarica,Sturnia malabarica,10
Malabar Starling,Sturnia blythii,Sturnia malabarica,10
White-headed Starling,Sturnia erythropygia,Sturnia erythropygia,12
Red-billed Starling,Spodiopsar sericeus,Spodiopsar sericeus,12
White-cheeked Starling,Spodiopsar cineraceus,Spodiopsar cineraceus,12
Common Myna,Acridotheres tristis,Acridotheres tristis,9
Bank Myna,Acridotheres ginginianus,Acridotheres ginginianus,8
Jungle Myna,Acridotheres fuscus,Acridotheres fuscus,9
Collared Myna,Acridotheres albocinctus,Acridotheres albocinctus,10
Great Myna,Acridotheres grandis,Acridotheres grandis,10
Spot-winged Starling,Saroglossa spilopterus,Saroglossa spilopterus,11
Grandala,Grandala coelicolor,Grandala coelicolor,13
Long-tailed Thrush,Zoothera dixoni,Zoothera dixoni,11
Alpine Thrush,Zoothera mollissima,Zoothera mollissima,11
Himalayan Thrush,Zoothera salimalii,Zoothera salimalii,11
Dark-sided Thrush,Zoothera marginata,Zoothera marginata,11
Long-billed Thrush,Zoothera monticola,Zoothera monticola,12
Scaly Thrush,Zoothera dauma,Zoothera dauma,12
Nilgiri Thrush,Zoothera neilgherriensis,Zoothera dauma,12
Purple Cochoa,Cochoa purpurea,Cochoa purpurea,14
Green Cochoa,Cochoa viridis,Cochoa viridis,14
Siberian Thrush,Geokichla sibirica,Geokichla sibirica,12
Pied Thrush,Geokichla wardii,Geokichla wardii,11
Orange-headed Thrush,Geokichla citrina,Geokichla citrina,11
Chinese Thrush,Turdus mupinensis,Otocichla mupinensis,12
Mistle Thrush,Turdus viscivorus,Turdus viscivorus,14
Song Thrush,Turdus philomelos,Turdus philomelos,12
Chinese Blackbird,Turdus mandarinus,Turdus mandarinus,13
Gray-winged Blackbird,Turdus boulboul,Turdus boulboul,12
Indian Blackbird,Turdus simillimus,Turdus simillimus,13
Japanese Thrush,Turdus cardis,Turdus cardis,11
Tickell's Thrush,Turdus unicolor,Turdus unicolor,11
Black-breasted Thrush,Turdus dissimilis,Turdus dissimilis,12
Gray-sided Thrush,Turdus feae,Turdus feae,11
Eyebrowed Thrush,Turdus obscurus,Turdus obscurus,11
White-backed Thrush,Turdus kessleri,Turdus kessleri,12
Tibetan Blackbird,Turdus maximus,Turdus maximus,13
Fieldfare,Turdus pilaris,Turdus pilaris,12
White-collared Blackbird,Turdus albocinctus,Turdus albocinctus,12
Chestnut Thrush,Turdus rubrocanus,Turdus rubrocanus,13
Black-throated Thrush,Turdus atrogularis,Turdus atrogularis,12
Red-throated Thrush,Turdus ruficollis,Turdus ruficollis,12
Dusky Thrush,Turdus eunomus,Turdus eunomus,13
Naumann's Thrush,Turdus naumanni,Turdus naumanni,12
Dark-sided Flycatcher,Muscicapa sibirica,Muscicapa sibirica,8
Ferruginous Flycatcher,Muscicapa ferruginea,Muscicapa ferruginea,8
Asian Brown Flycatcher,Muscicapa dauurica,Muscicapa dauurica,8
Brown-breasted Flycatcher,Muscicapa muttui,Muscicapa muttui,8
Spotted Flycatcher,Muscicapa striata,Muscicapa striata,9
Rufous-tailed Scrub-Robin,Cercotrichas galactotes,Cercotrichas galactotes,9
Indian Robin,Copsychus fulicatus,Copsychus fulicatus,8
Oriental Magpie-Robin,Copsychus saularis,Copsychus saularis,10
White-rumped Shama,Copsychus malabaricus,Copsychus malabaricus,9
Andaman Shama,Copsychus albiventris,Copsychus albiventris,10
White-gorgeted Flycatcher,Anthipes monileger,Anthipes monileger,8
Nilgiri Sholakili,Sholicola major,Sholicola major,10
White-bellied Sholakili,Sholicola albiventris,Sholicola albiventris,11
White-tailed Flycatcher,Cyornis concretus,Cyornis concretus,12
White-bellied Blue Flycatcher,Cyornis pallidipes,Cyornis pallidipes,8
Pale-chinned Blue Flycatcher,Cyornis poliogenys,Cyornis poliogenys,10
Pale Blue Flycatcher,Cyornis unicolor,Cyornis unicolor,8
Blue-throated Flycatcher,Cyornis rubeculoides,Cyornis rubeculoides,8
Large Blue Flycatcher,Cyornis magnirostris,Cyornis magnirostris,8
Hill Blue Flycatcher,Cyornis whitei,Cyornis whitei,8
Tickell's Blue Flycatcher,Cyornis tickelliae,Cyornis tickelliae,8
Nicobar Jungle-Flycatcher,Cyornis nicobaricus,Cyornis nicobaricus,9
Large Niltava,Niltava grandis,Niltava grandis,10
Small Niltava,Niltava macgrigoriae,Niltava macgrigoriae,8
Rufous-bellied Niltava,Niltava sundara,Niltava sundara,9
Chinese Vivid Niltava,Niltava oatesi,Niltava oatesi,10
Blue-and-white Flycatcher,Cyanoptila cyanomelana,Cyanoptila cyanomelana,9
Zappey's Flycatcher,Cyanoptila cumatilis,Cyanoptila cumatilis,9
Nilgiri Flycatcher,Eumyias albicaudatus,Eumyias albicaudatus,9
Verditer Flycatcher,Eumyias thalassinus,Eumyias thalassinus,9
Rusty-bellied Shortwing,Brachypteryx hyperythra,Brachypteryx hyperythra,13
Gould's Shortwing,Brachypteryx stellata,Heteroxenicus stellatus,9
Lesser Shortwing,Brachypteryx leucophris,Brachypteryx leucophris,9
Himalayan Shortwing,Brachypteryx cruralis,Brachypteryx cruralis,9
Indian Blue Robin,Larvivora brunnea,Larvivora brunnea,9
Siberian Blue Robin,Larvivora cyane,Larvivora cyane,8
White-bellied Redstart,Luscinia phaenicuroides,Luscinia phaenicuroides,9
Bluethroat,Luscinia svecica,Luscinia svecica,7
Malabar Whistling-Thrush,Myophonus horsfieldii,Myophonus horsfieldii,15
Blue Whistling-Thrush,Myophonus caeruleus,Myophonus caeruleus,14
Little Forktail,Enicurus scouleri,Enicurus scouleri,9
White-crowned Forktail,Enicurus leschenaulti,Enicurus leschenaulti,10
Spotted Forktail,Enicurus maculatus,Enicurus maculatus,11
Black-backed Forktail,Enicurus immaculatus,Enicurus immaculatus,10
Slaty-backed Forktail,Enicurus schistaceus,Enicurus schistaceus,11
Firethroat,Calliope pectardens,Calliope pectardens,9
Siberian Rubythroat,Calliope calliope,Calliope calliope,8
Himalayan Rubythroat,Calliope pectoralis,Calliope pectoralis,10
Chinese Rubythroat,Calliope tschebaiewi,Calliope tschebaiewi,9
White-tailed Robin,Myiomela leucura,Myiomela leucura,10
Blue-fronted Robin,Cinclidium frontale,Cinclidium frontale,10
Red-flanked Bluetail,Tarsiger cyanurus,Tarsiger cyanurus,8
Himalayan Bluetail,Tarsiger rufilatus,Tarsiger rufilatus,8
Rufous-breasted Bush-Robin,Tarsiger hyperythrus,Tarsiger hyperythrus,8
White-browed Bush-Robin,Tarsiger indicus,Tarsiger indicus,9
Golden Bush-Robin,Tarsiger chrysaeus,Tarsiger chrysaeus,9
Yellow-rumped Flycatcher,Ficedula zanthopygia,Ficedula zanthopygia,10
Mugimaki Flycatcher,Ficedula mugimaki,Ficedula mugimaki,9
Slaty-backed Flycatcher,Ficedula erithacus,Ficedula erithacus,9
Black-and-orange Flycatcher,Ficedula nigrorufa,Ficedula nigrorufa,9
Slaty-blue Flycatcher,Ficedula tricolor,Ficedula tricolor,9
Snowy-browed Flycatcher,Ficedula hyperythra,Ficedula hyperythra,9
Pygmy Flycatcher,Ficedula hodgsoni,Ficedula hodgsoni,9
Rufous-gorgeted Flycatcher,Ficedula strophiata,Ficedula strophiata,10
Sapphire Flycatcher,Ficedula sapphira,Ficedula sapphira,8
Little Pied Flycatcher,Ficedula westermanni,Ficedula westermanni,9
Ultramarine Flycatcher,Ficedula superciliaris,Ficedula superciliaris,8
Rusty-tailed Flycatcher,Ficedula ruficauda,Ficedula ruficauda,10
Taiga Flycatcher,Ficedula albicilla,Ficedula albicilla,10
Kashmir Flycatcher,Ficedula subrubra,Ficedula subrubra,9
Red-breasted Flycatcher,Ficedula parva,Ficedula parva,8
Blue-fronted Redstart,Phoenicurus frontalis,Phoenicurus frontalis,8
Plumbeous Redstart,Phoenicurus fuliginosus,Phoenicurus fuliginosus,9
Rufous-backed Redstart,Phoenicurus erythronotus,Phoenicurus erythronotus,9
White-capped Redstart,Phoenicurus leucocephalus,Phoenicurus leucocephalus,10
Blue-capped Redstart,Phoenicurus coeruleocephala,Phoenicurus coeruleocephala,8
Common Redstart,Phoenicurus phoenicurus,Phoenicurus phoenicurus,8
Hodgson's Redstart,Phoenicurus hodgsoni,Phoenicurus hodgsoni,8
White-throated Redstart,Phoenicurus schisticeps,Phoenicurus schisticeps,9
White-winged Redstart,Phoenicurus erythrogastrus,Phoenicurus erythrogastrus,9
Black Redstart,Phoenicurus ochruros,Phoenicurus ochruros,8
Daurian Redstart,Phoenicurus auroreus,Phoenicurus auroreus,9
Chestnut-bellied Rock-Thrush,Monticola rufiventris,Monticola rufiventris,10
Blue-capped Rock-Thrush,Monticola cinclorhyncha,Monticola cinclorhyncha,10
Rufous-tailed Rock-Thrush,Monticola saxatilis,Monticola saxatilis,10
Blue Rock-Thrush,Monticola solitarius,Monticola solitarius,10
Whinchat,Saxicola rubetra,Saxicola rubetra,8
White-browed Bushchat,Saxicola macrorhynchus,Saxicola macrorhynchus,8
White-throated Bushchat,Saxicola insignis,Saxicola insignis,8
Siberian Stonechat,Saxicola maurus,Saxicola torquatus,7
Amur Stonechat,Saxicola stejnegeri,Saxicola torquatus,7
White-tailed Stonechat,Saxicola leucurus,Saxicola leucurus,8
Pied Bushchat,Saxicola caprata,Saxicola caprata,8
Jerdon's Bushchat,Saxicola jerdoni,Saxicola jerdoni,8
Gray Bushchat,Saxicola ferreus,Saxicola ferreus,8
Northern Wheatear,Oenanthe oenanthe,Oenanthe oenanthe,8
Isabelline Wheatear,Oenanthe isabellina,Oenanthe isabellina,8
Desert Wheatear,Oenanthe deserti,Oenanthe deserti,8
Pied Wheatear,Oenanthe pleschanka,Oenanthe pleschanka,8
Brown Rock Chat,Oenanthe fusca,Oenanthe fusca,7
Variable Wheatear,Oenanthe picata,Oenanthe picata,8
Hume's Wheatear,Oenanthe albonigra,Oenanthe albonigra,8
Finsch's Wheatear,Oenanthe finschii,Oenanthe finschii,8
Persian Wheatear,Oenanthe chrysopygia,Oenanthe chrysopygia,8
Bohemian Waxwing,Bombycilla garrulus,Bombycilla garrulus,10
Hypocolius,Hypocolius ampelinus,Hypocolius ampelinus,11
Thick-billed Flowerpecker,Dicaeum agile,Dicaeum agile,8
Yellow-vented Flowerpecker,Dicaeum chrysorrheum,Dicaeum chrysorrheum,8
Yellow-bellied Flowerpecker,Dicaeum melanozanthum,Dicaeum melanozanthum,8
Pale-billed Flowerpecker,Dicaeum erythrorhynchos,Dicaeum erythrorhynchos,8
Nilgiri Flowerpecker,Dicaeum concolor,Dicaeum concolor,7
Plain Flowerpecker,Dicaeum minullum,Dicaeum minullum,7
Andaman Flowerpecker,Dicaeum virescens,Dicaeum minullum,7
Fire-breasted Flowerpecker,Dicaeum ignipectus,Dicaeum ignipectus,7
Scarlet-backed Flowerpecker,Dicaeum cruentatum,Dicaeum cruentatum,7
Ruby-cheeked Sunbird,Chalcoparia singalensis,Chalcoparia singalensis,8
Purple-rumped Sunbird,Leptocoma zeylonica,Leptocoma zeylonica,8
Crimson-backed Sunbird,Leptocoma minima,Leptocoma minima,7
Van Hasselt's Sunbird,Leptocoma brasiliana,Leptocoma brasiliana,8
Purple Sunbird,Cinnyris asiaticus,Cinnyris asiaticus,14
Olive-backed Sunbird,Cinnyris jugularis,Cinnyris jugularis,8
Loten's Sunbird,Cinnyris lotenius,Cinnyris lotenius,8
Fire-tailed Sunbird,Aethopyga ignicauda,Aethopyga ignicauda,8
Black-throated Sunbird,Aethopyga saturata,Aethopyga saturata,7
Mrs. Gould's Sunbird,Aethopyga gouldiae,Aethopyga gouldiae,7
Green-tailed Sunbird,Aethopyga nipalensis,Aethopyga nipalensis,8
Vigors's Sunbird,Aethopyga vigorsii,Aethopyga vigorsii,8
Crimson Sunbird,Aethopyga siparaja,Aethopyga siparaja,7
Little Spiderhunter,Arachnothera longirostra,Arachnothera longirostra,8
Streaked Spiderhunter,Arachnothera magna,Arachnothera magna,11
Asian Fairy-bluebird,Irena puella,Irena puella,14
Blue-winged Leafbird,Chloropsis cochinchinensis,Chloropsis moluccensis,9
Jerdon's Leafbird,Chloropsis jerdoni,Chloropsis jerdoni,9
Golden-fronted Leafbird,Chloropsis aurifrons,Chloropsis aurifrons,10
Orange-bellied Leafbird,Chloropsis hardwickii,Chloropsis hardwickii,10
Streaked Weaver,Ploceus manyar,Ploceus manyar,10
Baya Weaver,Ploceus philippinus,Ploceus philippinus,10
Finn's Weaver,Ploceus megarhynchus,Ploceus megarhynchus,11
Black-breasted Weaver,Ploceus benghalensis,Ploceus benghalensis,9
Indian Silverbill,Euodice malabarica,Euodice malabarica,8
Scaly-breasted Munia,Lonchura punctulata,Lonchura punctulata,7
Black-throated Munia,Lonchura kelaarti,Lonchura kelaarti,7
White-rumped Munia,Lonchura striata,Lonchura striata,7
Tricolored Munia,Lonchura malacca,Lonchura malacca,7
Chestnut Munia,Lonchura atricapilla,Lonchura atricapilla,7
Green Avadavat,Amandava formosa,Amandava formosa,8
Red Avadavat,Amandava amandava,Amandava amandava,8
Alpine Accentor,Prunella collaris,Prunella collaris,13
Altai Accentor,Prunella himalayana,Prunella himalayana,12
Robin Accentor,Prunella rubeculoides,Prunella rubeculoides,11
Rufous-breasted Accentor,Prunella strophiata,Prunella strophiata,11
Brown Accentor,Prunella fulvescens,Prunella fulvescens,11
Black-throated Accentor,Prunella atrogularis,Prunella atrogularis,11
Maroon-backed Accentor,Prunella immaculata,Prunella immaculata,11
House Sparrow,Passer domesticus,Passer domesticus,15
Spanish Sparrow,Passer hispaniolensis,Passer hispaniolensis,8
Sind Sparrow,Passer pyrrhonotus,Passer pyrrhonotus,10
Russet Sparrow,Passer cinnamomeus,Passer cinnamomeus,10
Eurasian Tree Sparrow,Passer montanus,Passer montanus,10
Yellow-throated Sparrow,Gymnoris xanthocollis,Gymnoris xanthocollis,8
Rock Sparrow,Petronia petronia,Petronia petronia,7
Pale Rockfinch,Carpospiza brachydactyla,Carpospiza brachydactyla,9
Black-winged Snowfinch,Montifringilla adamsi,Montifringilla adamsi,11
White-rumped Snowfinch,Montifringilla taczanowskii,Onychostruthus taczanowskii,11
Rufous-necked Snowfinch,Montifringilla ruficollis,Pyrgilauda ruficollis,9
Blanford's Snowfinch,Montifringilla blanfordi,Pyrgilauda blanfordi,11
Forest Wagtail,Dendronanthus indicus,Dendronanthus indicus,8
Gray Wagtail,Motacilla cinerea,Motacilla cinerea,7
Western Yellow Wagtail,Motacilla flava,Motacilla flava,7
Eastern Yellow Wagtail,Motacilla tschutschensis,Motacilla tschutschensis,8
Citrine Wagtail,Motacilla citreola,Motacilla citreola,8
White-browed Wagtail,Motacilla maderaspatensis,Motacilla maderaspatensis,9
White Wagtail,Motacilla alba,Motacilla alba,10
Richard's Pipit,Anthus richardi,Anthus richardi,8
Paddyfield Pipit,Anthus rufulus,Anthus rufulus,7
Long-billed Pipit,Anthus similis,Anthus similis,8
Blyth's Pipit,Anthus godlewskii,Anthus godlewskii,7
Tawny Pipit,Anthus campestris,Anthus campestris,7
Nilgiri Pipit,Anthus nilghiriensis,Anthus nilghiriensis,8
Upland Pipit,Anthus sylvanus,Anthus sylvanus,8
Meadow Pipit,Anthus pratensis,Anthus pratensis,7
Rosy Pipit,Anthus roseatus,Anthus roseatus,7
Tree Pipit,Anthus trivialis,Anthus trivialis,7
Olive-backed Pipit,Anthus hodgsoni,Anthus hodgsoni,7
Red-throated Pipit,Anthus cervinus,Anthus cervinus,7
Water Pipit,Anthus spinoletta,Anthus spinoletta,7
American Pipit,Anthus rubescens,Anthus rubescens,7
Common Chaffinch,Fringilla coelebs,Fringilla coelebs,18
Brambling,Fringilla montifringilla,Fringilla montifringilla,10
Black-and-yellow Grosbeak,Mycerobas icterioides,Mycerobas icterioides,12
Collared Grosbeak,Mycerobas affinis,Mycerobas affinis,12
Spot-winged Grosbeak,Mycerobas melanozanthos,Mycerobas melanozanthos,11
White-winged Grosbeak,Mycerobas carnipes,Mycerobas carnipes,11
Hawfinch,Coccothraustes coccothraustes,Coccothraustes coccothraustes,9
Common Rosefinch,Carpodacus erythrinus,Carpodacus erythrinus,7
Scarlet Finch,Carpodacus sipahi,Carpodacus sipahi,9
Blyth's Rosefinch,Carpodacus grandis,Carpodacus rhodochlamys,9
Himalayan Beautiful Rosefinch,Carpodacus pulcherrimus,Carpodacus pulcherrimus,8
Pink-rumped Rosefinch,Carpodacus waltoni,Carpodacus waltoni,8
Dark-rumped Rosefinch,Carpodacus edwardsii,Carpodacus edwardsii,8
Pink-browed Rosefinch,Carpodacus rodochroa,Carpodacus rodochroa,7
Spot-winged Rosefinch,Carpodacus rodopeplus,Carpodacus rodopeplus,8
Vinaceous Rosefinch,Carpodacus vinaceus,Carpodacus vinaceus,8
Pale Rosefinch,Carpodacus stoliczkae,Carpodacus stoliczkae,8
Sillem's Rosefinch,Carpodacus sillemi,Carpodacus sillemi,8
Streaked Rosefinch,Carpodacus rubicilloides,Carpodacus rubicilloides,9
Great Rosefinch,Carpodacus rubicilla,Carpodacus rubicilla,9
Red-fronted Rosefinch,Carpodacus puniceus,Carpodacus puniceus,9
Crimson-browed Finch,Carpodacus subhimachalus,Carpodacus subhimachalus,9
Three-banded Rosefinch,Carpodacus trifasciatus,Carpodacus trifasciatus,8
Himalayan White-browed Rosefinch,Carpodacus thura,Carpodacus thura,8
Chinese White-browed Rosefinch,Carpodacus dubius,Carpodacus dubius,8
Brown Bullfinch,Pyrrhula nipalensis,Pyrrhula nipalensis,12
Orange Bullfinch,Pyrrhula aurantiaca,Pyrrhula aurantiaca,11
Red-headed Bullfinch,Pyrrhula erythrocephala,Pyrrhula erythrocephala,11
Gray-headed Bullfinch,Pyrrhula erythaca,Pyrrhula erythaca,11
Crimson-winged Finch,Rhodopechys sanguineus,Rhodopechys sanguineus,10
Trumpeter Finch,Bucanetes githagineus,Bucanetes githagineus,9
Mongolian Finch,Bucanetes mongolicus,Bucanetes mongolicus,9
Blanford's Rosefinch,Agraphospiza rubescens,Agraphospiza rubescens,10
Gold-naped Finch,Pyrrhoplectes epauletta,Pyrrhoplectes epauletta,9
Spectacled Finch,Callacanthis burtoni,Callacanthis burtoni,11
Dark-breasted Rosefinch,Procarduelis nipalensis,Procarduelis nipalensis,9
Plain Mountain Finch,Leucosticte nemoricola,Leucosticte nemoricola,8
Black-headed Mountain Finch,Leucosticte brandti,Leucosticte brandti,8
Desert Finch,Rhodospiza obsoleta,Rhodospiza obsoleta,9
Yellow-breasted Greenfinch,Chloris spinoides,Chloris spinoides,9
Black-headed Greenfinch,Chloris ambigua,Chloris ambigua,9
Twite,Linaria flavirostris,Linaria flavirostris,8
Eurasian Linnet,Linaria cannabina,Linaria cannabina,8
Red Crossbill,Loxia curvirostra,Loxia curvirostra,11
European Goldfinch,Carduelis carduelis,Carduelis carduelis,9
Fire-fronted Serin,Serinus pusillus,Serinus pusillus,11
Tibetan Serin,Spinus thibetanus,Spinus thibetanus,9
Eurasian Siskin,Spinus spinus,Spinus spinus,10
Crested Bunting,Emberiza lathami,Emberiza lathami,8
Black-headed Bunting,Emberiza melanocephala,Emberiza melanocephala,8
Red-headed Bunting,Emberiza bruniceps,Emberiza bruniceps,8
Chestnut-eared Bunting,Emberiza fucata,Emberiza fucata,8
Rock Bunting,Emberiza cia,Emberiza cia,8
Godlewski's Bunting,Emberiza godlewskii,Emberiza godlewskii,8
White-capped Bunting,Emberiza stewarti,Emberiza stewarti,8
Yellowhammer,Emberiza citrinella,Emberiza citrinella,10
Pine Bunting,Emberiza leucocephalos,Emberiza leucocephalos,9
Gray-necked Bunting,Emberiza buchanani,Emberiza buchanani,8
Ortolan Bunting,Emberiza hortulana,Emberiza hortulana,8
Striolated Bunting,Emberiza striolata,Emberiza striolata,8
Reed Bunting,Emberiza schoeniclus,Emberiza schoeniclus,9
Yellow-breasted Bunting,Emberiza aureola,Emberiza aureola,8
Little Bunting,Emberiza pusilla,Emberiza pusilla,8
Rustic Bunting,Emberiza rustica,Emberiza rustica,8
Black-faced Bunting,Emberiza spodocephala,Emberiza spodocephala,7
Chestnut Bunting,Emberiza rutila,Emberiza rutila,8
Yellow-browed Bunting,Emberiza chrysophrys,Emberiza chrysophrys,8
Tristram's Bunting,Emberiza tristrami,Emberiza tristrami,8
