eBird.English.Name.2022,eBird.English.Name.2023
Fulvous Whistling-Duck,Fulvous Whistling-Duck
Lesser Whistling-Duck,Lesser Whistling-Duck
Bar-headed Goose,Bar-headed Goose
Graylag Goose,Graylag Goose
Greater White-fronted Goose,Greater White-fronted Goose
Lesser White-fronted Goose,Lesser White-fronted Goose
Taiga Bean-Goose,Taiga Bean-Goose
Tundra Bean-Goose,Tundra Bean-Goose
Red-breasted Goose,Red-breasted Goose
Mute Swan,Mute Swan
Tundra Swan,Tundra Swan
Whooper Swan,Whooper Swan
Knob-billed Duck,Knob-billed Duck
Ruddy Shelduck,Ruddy Shelduck
Common Shelduck,Common Shelduck
Cotton Pygmy-Goose,Cotton Pygmy-Goose
Mandarin Duck,Mandarin Duck
Baikal Teal,Baikal Teal
Garganey,Garganey
Northern Shoveler,Northern Shoveler
Gadwall,Gadwall
Falcated Duck,Falcated Duck
Eurasian Wigeon,Eurasian Wigeon
Indian Spot-billed Duck,Indian Spot-billed Duck
Eastern Spot-billed Duck,Eastern Spot-billed Duck
Mallard,Mallard
Northern Pintail,Northern Pintail
Green-winged Teal,Green-winged Teal
Andaman Teal,Andaman Teal
Marbled Teal,Marbled Duck
Pink-headed Duck,Pink-headed Duck
White-winged Duck,White-winged Duck
Red-crested Pochard,Red-crested Pochard
Common Pochard,Common Pochard
Ferruginous Duck,Ferruginous Duck
Baer's Pochard,Baer's Pochard
Tufted Duck,Tufted Duck
Greater Scaup,Greater Scaup
Long-tailed Duck,Long-tailed Duck
Common Goldeneye,Common Goldeneye
Smew,Smew
Common Merganser,Common Merganser
Red-breasted Merganser,Red-breasted Merganser
White-headed Duck,White-headed Duck
Nicobar Megapode,Nicobar Megapode
Hill Partridge,Hill Partridge
Chestnut-breasted Partridge,Chestnut-breasted Partridge
Rufous-throated Partridge,Rufous-throated Partridge
White-cheeked Partridge,White-cheeked Partridge
Snow Partridge,Snow Partridge
Blood Pheasant,Blood Pheasant
Western Tragopan,Western Tragopan
Satyr Tragopan,Satyr Tragopan
Blyth's Tragopan,Blyth's Tragopan
Temminck's Tragopan,Temminck's Tragopan
Himalayan Monal,Himalayan Monal
Sclater's Monal,Sclater's Monal
Koklass Pheasant,Koklass Pheasant
Tibetan Partridge,Tibetan Partridge
Hume's Pheasant,Mrs. Hume's Pheasant
Cheer Pheasant,Cheer Pheasant
Kalij Pheasant,Kalij Pheasant
Indian Peafowl,Indian Peafowl
Green Peafowl,Green Peafowl
Red Spurfowl,Red Spurfowl
Painted Spurfowl,Painted Spurfowl
Gray Peacock-Pheasant,Gray Peacock-Pheasant
Mountain Bamboo-Partridge,Mountain Bamboo-Partridge
Red Junglefowl,Red Junglefowl
Gray Junglefowl,Gray Junglefowl
Gray Francolin,Gray Francolin
Swamp Francolin,Swamp Francolin
Chinese Francolin,Chinese Francolin
Black Francolin,Black Francolin
Painted Francolin,Painted Francolin
Tibetan Snowcock,Tibetan Snowcock
Himalayan Snowcock,Himalayan Snowcock
Blue-breasted Quail,Blue-breasted Quail
Common Quail,Common Quail
Japanese Quail,Japanese Quail
Rain Quail,Rain Quail
Chukar,Chukar
Jungle Bush-Quail,Jungle Bush-Quail
Rock Bush-Quail,Rock Bush-Quail
Painted Bush-Quail,Painted Bush-Quail
Manipur Bush-Quail,Manipur Bush-Quail
Himalayan Quail,Himalayan Quail
Greater Flamingo,Greater Flamingo
Lesser Flamingo,Lesser Flamingo
Little Grebe,Little Grebe
Horned Grebe,Horned Grebe
Red-necked Grebe,Red-necked Grebe
Great Crested Grebe,Great Crested Grebe
Eared Grebe,Eared Grebe
Rock Pigeon,Rock Pigeon
Hill Pigeon,Hill Pigeon
Snow Pigeon,Snow Pigeon
Yellow-eyed Pigeon,Yellow-eyed Pigeon
Common Wood-Pigeon,Common Wood-Pigeon
Speckled Wood-Pigeon,Speckled Wood-Pigeon
Ashy Wood-Pigeon,Ashy Wood-Pigeon
Nilgiri Wood-Pigeon,Nilgiri Wood-Pigeon
Pale-capped Pigeon,Pale-capped Pigeon
Andaman Wood-Pigeon,Andaman Wood-Pigeon
European Turtle-Dove,European Turtle-Dove
Oriental Turtle-Dove,Oriental Turtle-Dove
Eurasian Collared-Dove,Eurasian Collared-Dove
Red Collared-Dove,Red Collared-Dove
Spotted Dove,Spotted Dove
Laughing Dove,Laughing Dove
Barred Cuckoo-Dove,Barred Cuckoo-Dove
Andaman Cuckoo-Dove,Andaman Cuckoo-Dove
Namaqua Dove,Namaqua Dove
Asian Emerald Dove,Asian Emerald Dove
Nicobar Pigeon,Nicobar Pigeon
Orange-breasted Green-Pigeon,Orange-breasted Green-Pigeon
Gray-fronted Green-Pigeon,Gray-fronted Green-Pigeon
Andaman Green-Pigeon,Andaman Green-Pigeon
Ashy-headed Green-Pigeon,Ashy-headed Green-Pigeon
Thick-billed Green-Pigeon,Thick-billed Green-Pigeon
Yellow-footed Green-Pigeon,Yellow-footed Green-Pigeon
Pin-tailed Green-Pigeon,Pin-tailed Green-Pigeon
Wedge-tailed Green-Pigeon,Wedge-tailed Green-Pigeon
Green Imperial-Pigeon,Green Imperial-Pigeon
Nicobar Imperial-Pigeon,Nicobar Imperial-Pigeon
Malabar Imperial-Pigeon,Malabar Imperial-Pigeon
Mountain Imperial-Pigeon,Mountain Imperial-Pigeon
Pied Imperial-Pigeon,Pied Imperial-Pigeon
Tibetan Sandgrouse,Tibetan Sandgrouse
Pallas's Sandgrouse,Pallas's Sandgrouse
Pin-tailed Sandgrouse,Pin-tailed Sandgrouse
Chestnut-bellied Sandgrouse,Chestnut-bellied Sandgrouse
Spotted Sandgrouse,Spotted Sandgrouse
Black-bellied Sandgrouse,Black-bellied Sandgrouse
Painted Sandgrouse,Painted Sandgrouse
Great Indian Bustard,Great Indian Bustard
Macqueen's Bustard,Macqueen's Bustard
Bengal Florican,Bengal Florican
Lesser Florican,Lesser Florican
Little Bustard,Little Bustard
Andaman Coucal,Andaman Coucal
Greater Coucal,Greater Coucal
Lesser Coucal,Lesser Coucal
Sirkeer Malkoha,Sirkeer Malkoha
Blue-faced Malkoha,Blue-faced Malkoha
Green-billed Malkoha,Green-billed Malkoha
Chestnut-winged Cuckoo,Chestnut-winged Cuckoo
Pied Cuckoo,Pied Cuckoo
Asian Koel,Asian Koel
Asian Emerald Cuckoo,Asian Emerald Cuckoo
Violet Cuckoo,Violet Cuckoo
Horsfield's Bronze-Cuckoo,Horsfield's Bronze-Cuckoo
Banded Bay Cuckoo,Banded Bay Cuckoo
Plaintive Cuckoo,Plaintive Cuckoo
Gray-bellied Cuckoo,Gray-bellied Cuckoo
Fork-tailed Drongo-Cuckoo,Fork-tailed Drongo-Cuckoo
Square-tailed Drongo-Cuckoo,Square-tailed Drongo-Cuckoo
Large Hawk-Cuckoo,Large Hawk-Cuckoo
Common Hawk-Cuckoo,Common Hawk-Cuckoo
Hodgson's Hawk-Cuckoo,Hodgson's Hawk-Cuckoo
Lesser Cuckoo,Lesser Cuckoo
Indian Cuckoo,Indian Cuckoo
Himalayan Cuckoo,Himalayan Cuckoo
Common Cuckoo,Common Cuckoo
Sri Lanka Frogmouth,Sri Lanka Frogmouth
Hodgson's Frogmouth,Hodgson's Frogmouth
Great Eared-Nightjar,Great Eared-Nightjar
Jungle Nightjar,Jungle Nightjar
Gray Nightjar,Gray Nightjar
Eurasian Nightjar,Eurasian Nightjar
Sykes's Nightjar,Sykes's Nightjar
Large-tailed Nightjar,Large-tailed Nightjar
Andaman Nightjar,Andaman Nightjar
Jerdon's Nightjar,Jerdon's Nightjar
Indian Nightjar,Indian Nightjar
Savanna Nightjar,Savanna Nightjar
White-rumped Needletail,White-rumped Spinetail
White-throated Needletail,White-throated Needletail
Silver-backed Needletail,Silver-backed Needletail
Brown-backed Needletail,Brown-backed Needletail
Plume-toed Swiftlet,Plume-toed Swiftlet
Indian Swiftlet,Indian Swiftlet
Himalayan Swiftlet,Himalayan Swiftlet
White-nest Swiftlet,White-nest Swiftlet
Alpine Swift,Alpine Swift
Common Swift,Common Swift
Pacific Swift,Pacific Swift
Blyth's Swift,Blyth's Swift
Dark-rumped Swift,Dark-rumped Swift
Little Swift,Little Swift
House Swift,House Swift
Asian Palm Swift,Asian Palm Swift
Crested Treeswift,Crested Treeswift
Water Rail,Water Rail
Brown-cheeked Rail,Brown-cheeked Rail
Corn Crake,Corn Crake
Slaty-breasted Rail,Slaty-breasted Rail
Spotted Crake,Spotted Crake
Eurasian Moorhen,Eurasian Moorhen
Eurasian Coot,Eurasian Coot
Gray-headed Swamphen,Gray-headed Swamphen
White-browed Crake,White-browed Crake
Watercock,Watercock
White-breasted Waterhen,White-breasted Waterhen
Andaman Crake,Andaman Crake
Red-legged Crake,Red-legged Crake
Slaty-legged Crake,Slaty-legged Crake
Ruddy-breasted Crake,Ruddy-breasted Crake
Brown Crake,Brown Crake
Little Crake,Little Crake
Baillon's Crake,Baillon's Crake
Black-tailed Crake,Black-tailed Crake
Masked Finfoot,Masked Finfoot
Demoiselle Crane,Demoiselle Crane
Siberian Crane,Siberian Crane
Sarus Crane,Sarus Crane
Common Crane,Common Crane
Black-necked Crane,Black-necked Crane
Indian Thick-knee,Indian Thick-knee
Great Thick-knee,Great Thick-knee
Beach Thick-knee,Beach Thick-knee
Black-winged Stilt,Black-winged Stilt
Pied Avocet,Pied Avocet
Ibisbill,Ibisbill
Eurasian Oystercatcher,Eurasian Oystercatcher
Black-bellied Plover,Black-bellied Plover
European Golden-Plover,European Golden-Plover
American Golden-Plover,American Golden-Plover
Pacific Golden-Plover,Pacific Golden-Plover
Northern Lapwing,Northern Lapwing
River Lapwing,River Lapwing
Yellow-wattled Lapwing,Yellow-wattled Lapwing
Gray-headed Lapwing,Gray-headed Lapwing
Red-wattled Lapwing,Red-wattled Lapwing
Sociable Lapwing,Sociable Lapwing
White-tailed Lapwing,White-tailed Lapwing
Lesser Sand-Plover,Tibetan Sand-Plover
Greater Sand-Plover,Greater Sand-Plover
Caspian Plover,Caspian Plover
Kentish Plover,Kentish Plover
Common Ringed Plover,Common Ringed Plover
Long-billed Plover,Long-billed Plover
Little Ringed Plover,Little Ringed Plover
Oriental Plover,Oriental Plover
Greater Painted-Snipe,Greater Painted-Snipe
Pheasant-tailed Jacana,Pheasant-tailed Jacana
Bronze-winged Jacana,Bronze-winged Jacana
Whimbrel,Whimbrel
Eurasian Curlew,Eurasian Curlew
Bar-tailed Godwit,Bar-tailed Godwit
Black-tailed Godwit,Black-tailed Godwit
Ruddy Turnstone,Ruddy Turnstone
Great Knot,Great Knot
Red Knot,Red Knot
Ruff,Ruff
Broad-billed Sandpiper,Broad-billed Sandpiper
Sharp-tailed Sandpiper,Sharp-tailed Sandpiper
Curlew Sandpiper,Curlew Sandpiper
Temminck's Stint,Temminck's Stint
Long-toed Stint,Long-toed Stint
Spoon-billed Sandpiper,Spoon-billed Sandpiper
Red-necked Stint,Red-necked Stint
Sanderling,Sanderling
Dunlin,Dunlin
Little Stint,Little Stint
Buff-breasted Sandpiper,Buff-breasted Sandpiper
Pectoral Sandpiper,Pectoral Sandpiper
Asian Dowitcher,Asian Dowitcher
Long-billed Dowitcher,Long-billed Dowitcher
Jack Snipe,Jack Snipe
Eurasian Woodcock,Eurasian Woodcock
Solitary Snipe,Solitary Snipe
Wood Snipe,Wood Snipe
Great Snipe,Great Snipe
Common Snipe,Common Snipe
Pin-tailed Snipe,Pin-tailed Snipe
Swinhoe's Snipe,Swinhoe's Snipe
Terek Sandpiper,Terek Sandpiper
Red-necked Phalarope,Red-necked Phalarope
Red Phalarope,Red Phalarope
Common Sandpiper,Common Sandpiper
Green Sandpiper,Green Sandpiper
Gray-tailed Tattler,Gray-tailed Tattler
Spotted Redshank,Spotted Redshank
Common Greenshank,Common Greenshank
Nordmann's Greenshank,Nordmann's Greenshank
Marsh Sandpiper,Marsh Sandpiper
Wood Sandpiper,Wood Sandpiper
Common Redshank,Common Redshank
Small Buttonquail,Small Buttonquail
Yellow-legged Buttonquail,Yellow-legged Buttonquail
Barred Buttonquail,Barred Buttonquail
Crab-Plover,Crab-Plover
Cream-colored Courser,Cream-colored Courser
Indian Courser,Indian Courser
Jerdon's Courser,Jerdon's Courser
Collared Pratincole,Collared Pratincole
Oriental Pratincole,Oriental Pratincole
Small Pratincole,Small Pratincole
South Polar Skua,South Polar Skua
Brown Skua,Brown Skua
Pomarine Jaeger,Pomarine Jaeger
Parasitic Jaeger,Parasitic Jaeger
Long-tailed Jaeger,Long-tailed Jaeger
Black-legged Kittiwake,Black-legged Kittiwake
Sabine's Gull,Sabine's Gull
Slender-billed Gull,Slender-billed Gull
Black-headed Gull,Black-headed Gull
Brown-headed Gull,Brown-headed Gull
Little Gull,Little Gull
Franklin's Gull,Franklin's Gull
White-eyed Gull,White-eyed Gull
Sooty Gull,Sooty Gull
Pallas's Gull,Pallas's Gull
Common Gull,Common Gull
Herring Gull,Herring Gull
Caspian Gull,Caspian Gull
Lesser Black-backed Gull,Lesser Black-backed Gull
Brown Noddy,Brown Noddy
Black Noddy,Black Noddy
Lesser Noddy,Lesser Noddy
White Tern,White Tern
Sooty Tern,Sooty Tern
Bridled Tern,Bridled Tern
Little Tern,Little Tern
Saunders's Tern,Saunders's Tern
Gull-billed Tern,Gull-billed Tern
Caspian Tern,Caspian Tern
Black Tern,Black Tern
White-winged Tern,White-winged Tern
Whiskered Tern,Whiskered Tern
Roseate Tern,Roseate Tern
Black-naped Tern,Black-naped Tern
Common Tern,Common Tern
Arctic Tern,Arctic Tern
Black-bellied Tern,Black-bellied Tern
River Tern,River Tern
White-cheeked Tern,White-cheeked Tern
Great Crested Tern,Great Crested Tern
Sandwich Tern,Sandwich Tern
Lesser Crested Tern,Lesser Crested Tern
Indian Skimmer,Indian Skimmer
White-tailed Tropicbird,White-tailed Tropicbird
Red-billed Tropicbird,Red-billed Tropicbird
Red-tailed Tropicbird,Red-tailed Tropicbird
Red-throated Loon,Red-throated Loon
Arctic Loon,Arctic Loon
Light-mantled Albatross,Light-mantled Albatross
Wilson's Storm-Petrel,Wilson's Storm-Petrel
White-faced Storm-Petrel,White-faced Storm-Petrel
Black-bellied Storm-Petrel,Black-bellied Storm-Petrel
Swinhoe's Storm-Petrel,Swinhoe's Storm-Petrel
Barau's Petrel,Barau's Petrel
Jouanin's Petrel,Jouanin's Petrel
Streaked Shearwater,Streaked Shearwater
Cory's Shearwater,Cory's Shearwater
Flesh-footed Shearwater,Flesh-footed Shearwater
Wedge-tailed Shearwater,Wedge-tailed Shearwater
Sooty Shearwater,Sooty Shearwater
Short-tailed Shearwater,Short-tailed Shearwater
Tropical Shearwater,Tropical Shearwater
Persian Shearwater,Persian Shearwater
Asian Openbill,Asian Openbill
Black Stork,Black Stork
Asian Woolly-necked Stork,Asian Woolly-necked Stork
White Stork,White Stork
Black-necked Stork,Black-necked Stork
Lesser Adjutant,Lesser Adjutant
Greater Adjutant,Greater Adjutant
Painted Stork,Painted Stork
Lesser Frigatebird,Lesser Frigatebird
Christmas Island Frigatebird,Christmas Island Frigatebird
Great Frigatebird,Great Frigatebird
Masked Booby,Masked Booby
Brown Booby,Brown Booby
Red-footed Booby,Red-footed Booby
Oriental Darter,Oriental Darter
Little Cormorant,Little Cormorant
Great Cormorant,Great Cormorant
Indian Cormorant,Indian Cormorant
Great White Pelican,Great White Pelican
Spot-billed Pelican,Spot-billed Pelican
Dalmatian Pelican,Dalmatian Pelican
Great Bittern,Great Bittern
Yellow Bittern,Yellow Bittern
Little Bittern,Little Bittern
Cinnamon Bittern,Cinnamon Bittern
Black Bittern,Black Bittern
Gray Heron,Gray Heron
White-bellied Heron,White-bellied Heron
Goliath Heron,Goliath Heron
Purple Heron,Purple Heron
Great Egret,Great Egret
Intermediate Egret,Medium Egret
Chinese Egret,Chinese Egret
Little Egret,Little Egret
Western Reef-Heron,Western Reef-Heron
Pacific Reef-Heron,Pacific Reef-Heron
Cattle Egret,Eastern Cattle Egret
Indian Pond-Heron,Indian Pond-Heron
Chinese Pond-Heron,Chinese Pond-Heron
Javan Pond-Heron,Javan Pond-Heron
Striated Heron,Striated Heron
Black-crowned Night-Heron,Black-crowned Night Heron
White-eared Night-Heron,White-eared Night Heron
Malayan Night-Heron,Malayan Night Heron
Glossy Ibis,Glossy Ibis
Black-headed Ibis,Black-headed Ibis
Red-naped Ibis,Red-naped Ibis
Eurasian Spoonbill,Eurasian Spoonbill
Osprey,Osprey
Black-winged Kite,Black-winged Kite
Bearded Vulture,Bearded Vulture
Egyptian Vulture,Egyptian Vulture
European Honey-buzzard,European Honey-buzzard
Oriental Honey-buzzard,Oriental Honey-buzzard
Jerdon's Baza,Jerdon's Baza
Black Baza,Black Baza
Red-headed Vulture,Red-headed Vulture
Cinereous Vulture,Cinereous Vulture
White-rumped Vulture,White-rumped Vulture
Indian Vulture,Indian Vulture
Slender-billed Vulture,Slender-billed Vulture
Himalayan Griffon,Himalayan Griffon
Eurasian Griffon,Eurasian Griffon
Nicobar Serpent-Eagle,Nicobar Serpent-Eagle
Crested Serpent-Eagle,Crested Serpent-Eagle
Andaman Serpent-Eagle,Andaman Serpent-Eagle
Short-toed Snake-Eagle,Short-toed Snake-Eagle
Changeable Hawk-Eagle,Changeable Hawk-Eagle
Mountain Hawk-Eagle,Mountain Hawk-Eagle
Legge's Hawk-Eagle,Legge's Hawk-Eagle
Rufous-bellied Eagle,Rufous-bellied Eagle
Black Eagle,Black Eagle
Indian Spotted Eagle,Indian Spotted Eagle
Greater Spotted Eagle,Greater Spotted Eagle
Booted Eagle,Booted Eagle
Tawny Eagle,Tawny Eagle
Steppe Eagle,Steppe Eagle
Imperial Eagle,Imperial Eagle
Golden Eagle,Golden Eagle
Bonelli's Eagle,Bonelli's Eagle
White-eyed Buzzard,White-eyed Buzzard
Rufous-winged Buzzard,Rufous-winged Buzzard
Gray-faced Buzzard,Gray-faced Buzzard
Eurasian Marsh-Harrier,Western Marsh Harrier
Eastern Marsh-Harrier,Eastern Marsh Harrier
Hen Harrier,Hen Harrier
Pallid Harrier,Pallid Harrier
Pied Harrier,Pied Harrier
Montagu's Harrier,Montagu's Harrier
Crested Goshawk,Crested Goshawk
Shikra,Shikra
Nicobar Sparrowhawk,Nicobar Sparrowhawk
Chinese Sparrowhawk,Chinese Sparrowhawk
Japanese Sparrowhawk,Japanese Sparrowhawk
Besra,Besra
Eurasian Sparrowhawk,Eurasian Sparrowhawk
Northern Goshawk,Eurasian Goshawk
Red Kite,Red Kite
Black Kite,Black Kite
Brahminy Kite,Brahminy Kite
White-tailed Eagle,White-tailed Eagle
Pallas's Fish-Eagle,Pallas's Fish-Eagle
White-bellied Sea-Eagle,White-bellied Sea-Eagle
Lesser Fish-Eagle,Lesser Fish-Eagle
Gray-headed Fish-Eagle,Gray-headed Fish-Eagle
Rough-legged Hawk,Rough-legged Hawk
Common Buzzard,Common Buzzard
Himalayan Buzzard,Himalayan Buzzard
Long-legged Buzzard,Long-legged Buzzard
Upland Buzzard,Upland Buzzard
Australasian Grass-Owl,Australasian Grass-Owl
Barn Owl,Barn Owl
Andaman Masked-Owl,Andaman Masked-Owl
Oriental Bay-Owl,Oriental Bay-Owl
Sri Lanka Bay-Owl,Sri Lanka Bay-Owl
Andaman Scops-Owl,Andaman Scops-Owl
Mountain Scops-Owl,Mountain Scops-Owl
Indian Scops-Owl,Indian Scops-Owl
Collared Scops-Owl,Collared Scops-Owl
Nicobar Scops-Owl,Nicobar Scops-Owl
Eurasian Scops-Owl,Eurasian Scops-Owl
Pallid Scops-Owl,Pallid Scops-Owl
Oriental Scops-Owl,Oriental Scops-Owl
Eurasian Eagle-Owl,Eurasian Eagle-Owl
Rock Eagle-Owl,Rock Eagle-Owl
Spot-bellied Eagle-Owl,Spot-bellied Eagle-Owl
Dusky Eagle-Owl,Dusky Eagle-Owl
Brown Fish-Owl,Brown Fish-Owl
Tawny Fish-Owl,Tawny Fish-Owl
Buffy Fish-Owl,Buffy Fish-Owl
Asian Barred Owlet,Asian Barred Owlet
Jungle Owlet,Jungle Owlet
Collared Owlet,Collared Owlet
Spotted Owlet,Spotted Owlet
Little Owl,Little Owl
Forest Owlet,Forest Owlet
Mottled Wood-Owl,Mottled Wood-Owl
Brown Wood-Owl,Brown Wood-Owl
Tawny Owl,Tawny Owl
Himalayan Owl,Himalayan Owl
Long-eared Owl,Long-eared Owl
Short-eared Owl,Short-eared Owl
Boreal Owl,Boreal Owl
Andaman Boobook,Andaman Boobook
Brown Boobook,Brown Boobook
Hume's Boobook,Hume's Boobook
Malabar Trogon,Malabar Trogon
Red-headed Trogon,Red-headed Trogon
Ward's Trogon,Ward's Trogon
Eurasian Hoopoe,Eurasian Hoopoe
Great Hornbill,Great Hornbill
Brown Hornbill,Brown Hornbill
Indian Gray Hornbill,Indian Gray Hornbill
Malabar Gray Hornbill,Malabar Gray Hornbill
Malabar Pied-Hornbill,Malabar Pied-Hornbill
Oriental Pied-Hornbill,Oriental Pied-Hornbill
Rufous-necked Hornbill,Rufous-necked Hornbill
Wreathed Hornbill,Wreathed Hornbill
Narcondam Hornbill,Narcondam Hornbill
Blyth's Kingfisher,Blyth's Kingfisher
Common Kingfisher,Common Kingfisher
Blue-eared Kingfisher,Blue-eared Kingfisher
Black-backed Dwarf-Kingfisher,Black-backed Dwarf-Kingfisher
Rufous-backed Dwarf-Kingfisher,Rufous-backed Dwarf-Kingfisher
Brown-winged Kingfisher,Brown-winged Kingfisher
Stork-billed Kingfisher,Stork-billed Kingfisher
Ruddy Kingfisher,Ruddy Kingfisher
White-throated Kingfisher,White-throated Kingfisher
Black-capped Kingfisher,Black-capped Kingfisher
Collared Kingfisher,Collared Kingfisher
Crested Kingfisher,Crested Kingfisher
Pied Kingfisher,Pied Kingfisher
Blue-bearded Bee-eater,Blue-bearded Bee-eater
Asian Green Bee-eater,Asian Green Bee-eater
Blue-throated Bee-eater,Blue-throated Bee-eater
Blue-cheeked Bee-eater,Blue-cheeked Bee-eater
Blue-tailed Bee-eater,Blue-tailed Bee-eater
European Bee-eater,European Bee-eater
Chestnut-headed Bee-eater,Chestnut-headed Bee-eater
European Roller,European Roller
Indian Roller,Indian Roller
Indochinese Roller,Indochinese Roller
Dollarbird,Dollarbird
Malabar Barbet,Malabar Barbet
Coppersmith Barbet,Coppersmith Barbet
Blue-eared Barbet,Blue-eared Barbet
Great Barbet,Great Barbet
Lineated Barbet,Lineated Barbet
Brown-headed Barbet,Brown-headed Barbet
White-cheeked Barbet,White-cheeked Barbet
Golden-throated Barbet,Golden-throated Barbet
Blue-throated Barbet,Blue-throated Barbet
Yellow-rumped Honeyguide,Yellow-rumped Honeyguide
Eurasian Wryneck,Eurasian Wryneck
Speckled Piculet,Speckled Piculet
White-browed Piculet,White-browed Piculet
Heart-spotted Woodpecker,Heart-spotted Woodpecker
Brown-capped Pygmy Woodpecker,Brown-capped Pygmy Woodpecker
Gray-capped Pygmy Woodpecker,Gray-capped Pygmy Woodpecker
Yellow-crowned Woodpecker,Yellow-crowned Woodpecker
Brown-fronted Woodpecker,Brown-fronted Woodpecker
Rufous-bellied Woodpecker,Rufous-bellied Woodpecker
Fulvous-breasted Woodpecker,Fulvous-breasted Woodpecker
Freckle-breasted Woodpecker,Freckle-breasted Woodpecker
Stripe-breasted Woodpecker,Stripe-breasted Woodpecker
Darjeeling Woodpecker,Darjeeling Woodpecker
Great Spotted Woodpecker,Great Spotted Woodpecker
Himalayan Woodpecker,Himalayan Woodpecker
Sind Woodpecker,Sind Woodpecker
Crimson-breasted Woodpecker,Crimson-naped Woodpecker
Bay Woodpecker,Bay Woodpecker
Greater Flameback,Greater Flameback
White-naped Woodpecker,White-naped Woodpecker
Rufous Woodpecker,Rufous Woodpecker
Pale-headed Woodpecker,Pale-headed Woodpecker
Himalayan Flameback,Himalayan Flameback
Common Flameback,Common Flameback
Black-rumped Flameback,Black-rumped Flameback
Lesser Yellownape,Lesser Yellownape
Streak-throated Woodpecker,Streak-throated Woodpecker
Scaly-bellied Woodpecker,Scaly-bellied Woodpecker
Gray-headed Woodpecker,Gray-headed Woodpecker
Greater Yellownape,Greater Yellownape
Great Slaty Woodpecker,Great Slaty Woodpecker
White-bellied Woodpecker,White-bellied Woodpecker
Andaman Woodpecker,Andaman Woodpecker
Collared Falconet,Collared Falconet
Pied Falconet,Pied Falconet
Lesser Kestrel,Lesser Kestrel
Eurasian Kestrel,Eurasian Kestrel
Red-necked Falcon,Red-necked Falcon
Red-footed Falcon,Red-footed Falcon
Amur Falcon,Amur Falcon
Merlin,Merlin
Eurasian Hobby,Eurasian Hobby
Oriental Hobby,Oriental Hobby
Laggar Falcon,Laggar Falcon
Saker Falcon,Saker Falcon
Peregrine Falcon,Peregrine Falcon
Alexandrine Parakeet,Alexandrine Parakeet
Rose-ringed Parakeet,Rose-ringed Parakeet
Slaty-headed Parakeet,Slaty-headed Parakeet
Gray-headed Parakeet,Gray-headed Parakeet
Plum-headed Parakeet,Plum-headed Parakeet
Blossom-headed Parakeet,Blossom-headed Parakeet
Malabar Parakeet,Malabar Parakeet
Derbyan Parakeet,Derbyan Parakeet
Red-breasted Parakeet,Red-breasted Parakeet
Nicobar Parakeet,Nicobar Parakeet
Long-tailed Parakeet,Long-tailed Parakeet
Vernal Hanging-Parrot,Vernal Hanging-Parrot
Long-tailed Broadbill,Long-tailed Broadbill
Silver-breasted Broadbill,Gray-lored Broadbill
Blue-naped Pitta,Blue-naped Pitta
Blue Pitta,Blue Pitta
Indian Pitta,Indian Pitta
Blue-winged Pitta,Blue-winged Pitta
Hooded Pitta,Western Hooded Pitta
Mangrove Pitta,Mangrove Pitta
White-bellied Minivet,White-bellied Minivet
Small Minivet,Small Minivet
Gray-chinned Minivet,Gray-chinned Minivet
Short-billed Minivet,Short-billed Minivet
Long-tailed Minivet,Long-tailed Minivet
Orange Minivet,Orange Minivet
Scarlet Minivet,Scarlet Minivet
Ashy Minivet,Ashy Minivet
Brown-rumped Minivet,Brown-rumped Minivet
Rosy Minivet,Rosy Minivet
Large Cuckooshrike,Large Cuckooshrike
Andaman Cuckooshrike,Andaman Cuckooshrike
Pied Triller,Pied Triller
Black-winged Cuckooshrike,Black-winged Cuckooshrike
Black-headed Cuckooshrike,Black-headed Cuckooshrike
Black-headed Shrike-Babbler,Black-headed Shrike-Babbler
White-browed Shrike-Babbler,White-browed Shrike-Babbler
Green Shrike-Babbler,Green Shrike-Babbler
Black-eared Shrike-Babbler,Black-eared Shrike-Babbler
Clicking Shrike-Babbler,Clicking Shrike-Babbler
White-bellied Erpornis,White-bellied Erpornis
Mangrove Whistler,Mangrove Whistler
Eurasian Golden Oriole,Eurasian Golden Oriole
Indian Golden Oriole,Indian Golden Oriole
Black-naped Oriole,Black-naped Oriole
Slender-billed Oriole,Slender-billed Oriole
Black-hooded Oriole,Black-hooded Oriole
Maroon Oriole,Maroon Oriole
Ashy Woodswallow,Ashy Woodswallow
White-breasted Woodswallow,White-breasted Woodswallow
Malabar Woodshrike,Malabar Woodshrike
Large Woodshrike,Large Woodshrike
Common Woodshrike,Common Woodshrike
Bar-winged Flycatcher-shrike,Bar-winged Flycatcher-shrike
Common Iora,Common Iora
White-tailed Iora,White-tailed Iora
White-throated Fantail,White-throated Fantail
Spot-breasted Fantail,Spot-breasted Fantail
White-browed Fantail,White-browed Fantail
Black Drongo,Black Drongo
Ashy Drongo,Ashy Drongo
White-bellied Drongo,White-bellied Drongo
Crow-billed Drongo,Crow-billed Drongo
Bronzed Drongo,Bronzed Drongo
Lesser Racket-tailed Drongo,Lesser Racket-tailed Drongo
Hair-crested Drongo,Hair-crested Drongo
Andaman Drongo,Andaman Drongo
Greater Racket-tailed Drongo,Greater Racket-tailed Drongo
Black-naped Monarch,Black-naped Monarch
Amur Paradise-Flycatcher,Amur Paradise-Flycatcher
Blyth's Paradise-Flycatcher,Blyth's Paradise-Flycatcher
Indian Paradise-Flycatcher,Indian Paradise-Flycatcher
Red-backed Shrike,Red-backed Shrike
Red-tailed Shrike,Red-tailed Shrike
Isabelline Shrike,Isabelline Shrike
Brown Shrike,Brown Shrike
Burmese Shrike,Burmese Shrike
Bay-backed Shrike,Bay-backed Shrike
Long-tailed Shrike,Long-tailed Shrike
Gray-backed Shrike,Gray-backed Shrike
Great Gray Shrike,Great Gray Shrike
Lesser Gray Shrike,Lesser Gray Shrike
Masked Shrike,Masked Shrike
Woodchat Shrike,Woodchat Shrike
Eurasian Jay,Eurasian Jay
Black-headed Jay,Black-headed Jay
Yellow-billed Blue-Magpie,Yellow-billed Blue-Magpie
Red-billed Blue-Magpie,Red-billed Blue-Magpie
Common Green-Magpie,Common Green-Magpie
Rufous Treepie,Rufous Treepie
Gray Treepie,Gray Treepie
White-bellied Treepie,White-bellied Treepie
Collared Treepie,Collared Treepie
Andaman Treepie,Andaman Treepie
Black-rumped Magpie,Black-rumped Magpie
Eurasian Magpie,Eurasian Magpie
Eurasian Nutcracker,Eurasian Nutcracker
Kashmir Nutcracker,Kashmir Nutcracker
Red-billed Chough,Red-billed Chough
Yellow-billed Chough,Yellow-billed Chough
Eurasian Jackdaw,Eurasian Jackdaw
House Crow,House Crow
Rook,Rook
Carrion Crow,Carrion Crow
Hooded Crow,Hooded Crow
Large-billed Crow,Large-billed Crow
Pied Crow,Pied Crow
Common Raven,Common Raven
Yellow-bellied Fairy-Fantail,Yellow-bellied Fairy-Fantail
Gray-headed Canary-Flycatcher,Gray-headed Canary-Flycatcher
Fire-capped Tit,Fire-capped Tit
Yellow-browed Tit,Yellow-browed Tit
Sultan Tit,Sultan Tit
Coal Tit,Coal Tit
Rufous-naped Tit,Rufous-naped Tit
Rufous-vented Tit,Rufous-vented Tit
Gray-crested Tit,Gray-crested Tit
Azure Tit,Azure Tit
Ground Tit,Ground Tit
Green-backed Tit,Green-backed Tit
Cinereous Tit,Cinereous Tit
White-naped Tit,White-naped Tit
Himalayan Black-lored Tit,Himalayan Black-lored Tit
Indian Yellow Tit,Indian Yellow Tit
Yellow-cheeked Tit,Yellow-cheeked Tit
White-crowned Penduline-Tit,White-crowned Penduline-Tit
Greater Hoopoe-Lark,Greater Hoopoe-Lark
Rufous-tailed Lark,Rufous-tailed Lark
Desert Lark,Desert Lark
Black-crowned Sparrow-Lark,Black-crowned Sparrow-Lark
Ashy-crowned Sparrow-Lark,Ashy-crowned Sparrow-Lark
Horsfield's Bushlark,Singing Bushlark
Bengal Bushlark,Bengal Bushlark
Jerdon's Bushlark,Jerdon's Bushlark
Indian Bushlark,Indian Bushlark
Horned Lark,Horned Lark
Greater Short-toed Lark,Greater Short-toed Lark
Mongolian Short-toed Lark,Mongolian Short-toed Lark
Hume's Lark,Hume's Lark
Bimaculated Lark,Bimaculated Lark
Tibetan Lark,Tibetan Lark
Turkestan Short-toed Lark,Turkestan Short-toed Lark
Sand Lark,Sand Lark
Eurasian Skylark,Eurasian Skylark
Oriental Skylark,Oriental Skylark
Crested Lark,Crested Lark
Malabar Lark,Malabar Lark
Tawny Lark,Tawny Lark
Common Tailorbird,Common Tailorbird
Dark-necked Tailorbird,Dark-necked Tailorbird
Himalayan Prinia,Himalayan Prinia
Black-throated Prinia,Black-throated Prinia
Rufous-crowned Prinia,Rufous-crowned Prinia
Hill Prinia,Hill Prinia
Gray-crowned Prinia,Gray-crowned Prinia
Rufous-fronted Prinia,Rufous-fronted Prinia
Rufescent Prinia,Rufescent Prinia
Gray-breasted Prinia,Gray-breasted Prinia
Delicate Prinia,Delicate Prinia
Jungle Prinia,Jungle Prinia
Yellow-bellied Prinia,Yellow-bellied Prinia
Ashy Prinia,Ashy Prinia
Plain Prinia,Plain Prinia
Zitting Cisticola,Zitting Cisticola
Golden-headed Cisticola,Golden-headed Cisticola
Thick-billed Warbler,Thick-billed Warbler
Booted Warbler,Booted Warbler
Sykes's Warbler,Sykes's Warbler
Black-browed Reed Warbler,Black-browed Reed Warbler
Moustached Warbler,Moustached Warbler
Sedge Warbler,Sedge Warbler
Paddyfield Warbler,Paddyfield Warbler
Blunt-winged Warbler,Blunt-winged Warbler
Blyth's Reed Warbler,Blyth's Reed Warbler
Large-billed Reed Warbler,Large-billed Reed Warbler
Great Reed Warbler,Great Reed Warbler
Oriental Reed Warbler,Oriental Reed Warbler
Clamorous Reed Warbler,Clamorous Reed Warbler
Pallas's Grasshopper Warbler,Pallas's Grasshopper Warbler
Lanceolated Warbler,Lanceolated Warbler
Brown Bush Warbler,Brown Bush Warbler
Common Grasshopper Warbler,Common Grasshopper Warbler
Long-billed Bush Warbler,Long-billed Bush Warbler
Chinese Bush Warbler,Chinese Bush Warbler
Baikal Bush Warbler,Baikal Bush Warbler
West Himalayan Bush Warbler,West Himalayan Bush Warbler
Spotted Bush Warbler,Spotted Bush Warbler
Russet Bush Warbler,Russet Bush Warbler
Broad-tailed Grassbird,Broad-tailed Grassbird
Bristled Grassbird,Bristled Grassbird
Striated Grassbird,Striated Grassbird
Scaly-breasted Cupwing,Scaly-breasted Cupwing
Immaculate Cupwing,Immaculate Cupwing
Pygmy Cupwing,Pygmy Cupwing
Gray-throated Martin,Gray-throated Martin
Bank Swallow,Bank Swallow
Pale Sand Martin,Pale Martin
Eurasian Crag-Martin,Eurasian Crag-Martin
Dusky Crag-Martin,Dusky Crag-Martin
Barn Swallow,Barn Swallow
Wire-tailed Swallow,Wire-tailed Swallow
Hill Swallow,Hill Swallow
Pacific Swallow,Pacific Swallow
Red-rumped Swallow,Red-rumped Swallow
Striated Swallow,Striated Swallow
Streak-throated Swallow,Streak-throated Swallow
Common House-Martin,Western House-Martin
Asian House-Martin,Asian House-Martin
Nepal House-Martin,Nepal House-Martin
Gray-headed Bulbul,Gray-headed Bulbul
Black-headed Bulbul,Black-headed Bulbul
Andaman Bulbul,Andaman Bulbul
Black-crested Bulbul,Black-crested Bulbul
Flame-throated Bulbul,Flame-throated Bulbul
Crested Finchbill,Crested Finchbill
Striated Bulbul,Striated Bulbul
Red-vented Bulbul,Red-vented Bulbul
Red-whiskered Bulbul,Red-whiskered Bulbul
White-eared Bulbul,White-eared Bulbul
Himalayan Bulbul,Himalayan Bulbul
Yellow-throated Bulbul,Yellow-throated Bulbul
Flavescent Bulbul,Flavescent Bulbul
White-browed Bulbul,White-browed Bulbul
White-throated Bulbul,White-throated Bulbul
Gray-eyed Bulbul,Gray-eyed Bulbul
Cachar Bulbul,Cachar Bulbul
Yellow-browed Bulbul,Yellow-browed Bulbul
Black Bulbul,Black Bulbul
Square-tailed Bulbul,Square-tailed Bulbul
Nicobar Bulbul,Nicobar Bulbul
Ashy Bulbul,Ashy Bulbul
Mountain Bulbul,Mountain Bulbul
Wood Warbler,Wood Warbler
Ashy-throated Warbler,Ashy-throated Warbler
Buff-barred Warbler,Buff-barred Warbler
Yellow-browed Warbler,Yellow-browed Warbler
Hume's Warbler,Hume's Warbler
Brooks's Leaf Warbler,Brooks's Leaf Warbler
Chinese Leaf Warbler,Chinese Leaf Warbler
Pallas's Leaf Warbler,Pallas's Leaf Warbler
Lemon-rumped Warbler,Lemon-rumped Warbler
Sichuan Leaf Warbler,Sichuan Leaf Warbler
Tytler's Leaf Warbler,Tytler's Leaf Warbler
Sulphur-bellied Warbler,Sulphur-bellied Warbler
Tickell's Leaf Warbler,Tickell's Leaf Warbler
Dusky Warbler,Dusky Warbler
Smoky Warbler,Smoky Warbler
Plain Leaf Warbler,Plain Leaf Warbler
Buff-throated Warbler,Buff-throated Warbler
Willow Warbler,Willow Warbler
Mountain Chiffchaff,Mountain Chiffchaff
Common Chiffchaff,Common Chiffchaff
White-spectacled Warbler,White-spectacled Warbler
Gray-cheeked Warbler,Gray-cheeked Warbler
Green-crowned Warbler,Green-crowned Warbler
Gray-crowned Warbler,Gray-crowned Warbler
Whistler's Warbler,Whistler's Warbler
Green Warbler,Green Warbler
Greenish Warbler,Greenish Warbler
Two-barred Warbler,Two-barred Warbler
Large-billed Leaf Warbler,Large-billed Leaf Warbler
Pale-legged Leaf Warbler,Pale-legged Leaf Warbler
Sakhalin Leaf Warbler,Sakhalin Leaf Warbler
Arctic Warbler,Arctic Warbler
Chestnut-crowned Warbler,Chestnut-crowned Warbler
Yellow-vented Warbler,Yellow-vented Warbler
Western Crowned Warbler,Western Crowned Warbler
Blyth's Leaf Warbler,Blyth's Leaf Warbler
Claudia's Leaf Warbler,Claudia's Leaf Warbler
Gray-hooded Warbler,Gray-hooded Warbler
Pale-footed Bush Warbler,Pale-footed Bush Warbler
Asian Stubtail,Asian Stubtail
Gray-bellied Tesia,Gray-bellied Tesia
Slaty-bellied Tesia,Slaty-bellied Tesia
Chestnut-crowned Bush Warbler,Chestnut-crowned Bush Warbler
Gray-sided Bush Warbler,Gray-sided Bush Warbler
Chestnut-headed Tesia,Chestnut-headed Tesia
Cetti's Warbler,Cetti's Warbler
Yellow-bellied Warbler,Yellow-bellied Warbler
Rufous-faced Warbler,Rufous-faced Warbler
Black-faced Warbler,Black-faced Warbler
Mountain Tailorbird,Mountain Tailorbird
Broad-billed Warbler,Broad-billed Warbler
Manchurian Bush Warbler,Manchurian Bush Warbler
Brownish-flanked Bush Warbler,Brownish-flanked Bush Warbler
Hume's Bush Warbler,Hume's Bush Warbler
Aberrant Bush Warbler,Aberrant Bush Warbler
White-browed Tit-Warbler,White-browed Tit-Warbler
Crested Tit-Warbler,Crested Tit-Warbler
White-cheeked Tit,White-cheeked Tit
Black-throated Tit,Black-throated Tit
White-throated Tit,White-throated Tit
Black-browed Tit,Black-browed Tit
Eurasian Blackcap,Eurasian Blackcap
Garden Warbler,Garden Warbler
Barred Warbler,Barred Warbler
Lesser Whitethroat,Lesser Whitethroat
Eastern Orphean Warbler,Eastern Orphean Warbler
Asian Desert Warbler,Asian Desert Warbler
Greater Whitethroat,Greater Whitethroat
Fire-tailed Myzornis,Fire-tailed Myzornis
Golden-breasted Fulvetta,Golden-breasted Fulvetta
Yellow-eyed Babbler,Yellow-eyed Babbler
Jerdon's Babbler,Jerdon's Babbler
Brown-throated Fulvetta,Brown-throated Fulvetta
White-browed Fulvetta,White-browed Fulvetta
Streak-throated Fulvetta,Manipur Fulvetta
Black-breasted Parrotbill,Black-breasted Parrotbill
Spot-breasted Parrotbill,Spot-breasted Parrotbill
Great Parrotbill,Great Parrotbill
Brown Parrotbill,Brown Parrotbill
Gray-headed Parrotbill,Gray-headed Parrotbill
White-breasted Parrotbill,White-breasted Parrotbill
Rufous-headed Parrotbill,Rufous-headed Parrotbill
Fulvous Parrotbill,Fulvous Parrotbill
Black-throated Parrotbill,Black-throated Parrotbill
Pale-billed Parrotbill,Pale-billed Parrotbill
Striated Yuhina,Striated Yuhina
Black-chinned Yuhina,Black-chinned Yuhina
Whiskered Yuhina,Whiskered Yuhina
White-naped Yuhina,White-naped Yuhina
Stripe-throated Yuhina,Stripe-throated Yuhina
Rufous-vented Yuhina,Rufous-vented Yuhina
Chestnut-flanked White-eye,Chestnut-flanked White-eye
Indian White-eye,Indian White-eye
Chestnut-capped Babbler,Chestnut-capped Babbler
Tawny-bellied Babbler,Tawny-bellied Babbler
Dark-fronted Babbler,Dark-fronted Babbler
Pin-striped Tit-Babbler,Pin-striped Tit-Babbler
Golden Babbler,Golden Babbler
Black-chinned Babbler,Black-chinned Babbler
Rufous-capped Babbler,Rufous-capped Babbler
Buff-chested Babbler,Buff-chested Babbler
Rufous-throated Wren-Babbler,Rufous-throated Wren-Babbler
Mishmi Wren-Babbler,Mishmi Wren-Babbler
Bar-winged Wren-Babbler,Bar-winged Wren-Babbler
Naga Wren-Babbler,Naga Wren-Babbler
Chin Hills Wren-Babbler,Chin Hills Wren-Babbler
Tawny-breasted Wren-Babbler,Tawny-breasted Wren-Babbler
Black-crowned Scimitar-Babbler,Black-crowned Scimitar-Babbler
Brown-crowned Scimitar-Babbler,Brown-crowned Scimitar-Babbler
Red-billed Scimitar-Babbler,Red-billed Scimitar-Babbler
Slender-billed Scimitar-Babbler,Slender-billed Scimitar-Babbler
Streak-breasted Scimitar-Babbler,Streak-breasted Scimitar-Babbler
White-browed Scimitar-Babbler,White-browed Scimitar-Babbler
Indian Scimitar-Babbler,Indian Scimitar-Babbler
Large Scimitar-Babbler,Large Scimitar-Babbler
Rusty-cheeked Scimitar-Babbler,Rusty-cheeked Scimitar-Babbler
Spot-breasted Scimitar-Babbler,Spot-breasted Scimitar-Babbler
Gray-throated Babbler,Gray-throated Babbler
Sikkim Wedge-billed Babbler,Sikkim Wedge-billed Babbler
Cachar Wedge-billed Babbler,Cachar Wedge-billed Babbler
Snowy-throated Babbler,Snowy-throated Babbler
Indian Grassbird,Indian Grassbird
White-hooded Babbler,White-hooded Babbler
Yellow-throated Fulvetta,Yellow-throated Fulvetta
Rufous-winged Fulvetta,Rufous-winged Fulvetta
Rufous-throated Fulvetta,Rufous-throated Fulvetta
Rusty-capped Fulvetta,Rusty-capped Fulvetta
Puff-throated Babbler,Puff-throated Babbler
Marsh Babbler,Marsh Babbler
Spot-throated Babbler,Spot-throated Babbler
Buff-breasted Babbler,Buff-breasted Babbler
Rufous-vented Grass Babbler,Rufous-vented Grass Babbler
Swamp Grass Babbler,Swamp Grass Babbler
Abbott's Babbler,Abbott's Babbler
Streaked Wren-Babbler,Streaked Wren-Babbler
Eyebrowed Wren-Babbler,Eyebrowed Wren-Babbler
Long-billed Wren-Babbler,Long-billed Wren-Babbler
Brown-cheeked Fulvetta,Brown-cheeked Fulvetta
Nepal Fulvetta,Nepal Fulvetta
Striated Laughingthrush,Striated Laughingthrush
Himalayan Cutia,Himalayan Cutia
Scaly Laughingthrush,Scaly Laughingthrush
Brown-capped Laughingthrush,Brown-capped Laughingthrush
Blue-winged Laughingthrush,Blue-winged Laughingthrush
Streaked Laughingthrush,Streaked Laughingthrush
Bhutan Laughingthrush,Bhutan Laughingthrush
Striped Laughingthrush,Striped Laughingthrush
Variegated Laughingthrush,Variegated Laughingthrush
Black-faced Laughingthrush,Black-faced Laughingthrush
Elliot's Laughingthrush,Elliot's Laughingthrush
Chestnut-crowned Laughingthrush,Chestnut-crowned Laughingthrush
Assam Laughingthrush,Assam Laughingthrush
Banasura Laughingthrush,Banasura Laughingthrush
Nilgiri Laughingthrush,Nilgiri Laughingthrush
Palani Laughingthrush,Palani Laughingthrush
Ashambu Laughingthrush,Ashambu Laughingthrush
Long-tailed Sibia,Long-tailed Sibia
Rufous Sibia,Rufous Sibia
Beautiful Sibia,Beautiful Sibia
Gray Sibia,Gray Sibia
Hoary-throated Barwing,Hoary-throated Barwing
Streak-throated Barwing,Streak-throated Barwing
Blue-winged Minla,Blue-winged Minla
Chestnut-tailed Minla,Chestnut-tailed Minla
Rusty-fronted Barwing,Rusty-fronted Barwing
Red-billed Leiothrix,Red-billed Leiothrix
Silver-eared Mesia,Silver-eared Mesia
Red-tailed Minla,Red-tailed Minla
Rufous-backed Sibia,Rufous-backed Sibia
Bugun Liocichla,Bugun Liocichla
Red-faced Liocichla,Red-faced Liocichla
Large Gray Babbler,Large Gray Babbler
Slender-billed Babbler,Slender-billed Babbler
Rufous Babbler,Rufous Babbler
Jungle Babbler,Jungle Babbler
Yellow-billed Babbler,Yellow-billed Babbler
Common Babbler,Common Babbler
Striated Babbler,Striated Babbler
Spot-breasted Laughingthrush,Spot-breasted Laughingthrush
Lesser Necklaced Laughingthrush,Lesser Necklaced Laughingthrush
White-crested Laughingthrush,White-crested Laughingthrush
Rufous-chinned Laughingthrush,Rufous-chinned Laughingthrush
Moustached Laughingthrush,Moustached Laughingthrush
Spotted Laughingthrush,Spotted Laughingthrush
Wayanad Laughingthrush,Wayanad Laughingthrush
Rufous-vented Laughingthrush,Rufous-vented Laughingthrush
Yellow-throated Laughingthrush,Yellow-throated Laughingthrush
Rufous-necked Laughingthrush,Rufous-necked Laughingthrush
Chestnut-backed Laughingthrush,Chestnut-backed Laughingthrush
White-browed Laughingthrush,White-browed Laughingthrush
Greater Necklaced Laughingthrush,Greater Necklaced Laughingthrush
Mount Victoria Babax,Mount Victoria Babax
White-throated Laughingthrush,White-throated Laughingthrush
Gray-sided Laughingthrush,Gray-sided Laughingthrush
Goldcrest,Goldcrest
Wallcreeper,Wallcreeper
Indian Nuthatch,Indian Nuthatch
Chestnut-bellied Nuthatch,Chestnut-bellied Nuthatch
Chestnut-vented Nuthatch,Chestnut-vented Nuthatch
Kashmir Nuthatch,Kashmir Nuthatch
White-tailed Nuthatch,White-tailed Nuthatch
White-cheeked Nuthatch,White-cheeked Nuthatch
Yunnan Nuthatch,Yunnan Nuthatch
Velvet-fronted Nuthatch,Velvet-fronted Nuthatch
Beautiful Nuthatch,Beautiful Nuthatch
Hodgson's Treecreeper,Hodgson's Treecreeper
Bar-tailed Treecreeper,Bar-tailed Treecreeper
Rusty-flanked Treecreeper,Rusty-flanked Treecreeper
Sikkim Treecreeper,Sikkim Treecreeper
Hume's Treecreeper,Hume's Treecreeper
Indian Spotted Creeper,Indian Spotted Creeper
Eurasian Wren,Eurasian Wren
Spotted Elachura,Spotted Elachura
White-throated Dipper,White-throated Dipper
Brown Dipper,Brown Dipper
Asian Glossy Starling,Asian Glossy Starling
Golden-crested Myna,Golden-crested Myna
Common Hill Myna,Common Hill Myna
Southern Hill Myna,Southern Hill Myna
European Starling,European Starling
Rosy Starling,Rosy Starling
Daurian Starling,Daurian Starling
Chestnut-cheeked Starling,Chestnut-cheeked Starling
Indian Pied Starling,Indian Pied Starling
White-shouldered Starling,White-shouldered Starling
Brahminy Starling,Brahminy Starling
Chestnut-tailed Starling,Chestnut-tailed Starling
Malabar Starling,Malabar Starling
White-headed Starling,White-headed Starling
Red-billed Starling,Red-billed Starling
White-cheeked Starling,White-cheeked Starling
Common Myna,Common Myna
Bank Myna,Bank Myna
Jungle Myna,Jungle Myna
Collared Myna,Collared Myna
Great Myna,Great Myna
Spot-winged Starling,Spot-winged Starling
Grandala,Grandala
Long-tailed Thrush,Long-tailed Thrush
Alpine Thrush,Alpine Thrush
Himalayan Thrush,Himalayan Thrush
Dark-sided Thrush,Dark-sided Thrush
Long-billed Thrush,Long-billed Thrush
Scaly Thrush,Scaly Thrush
Nilgiri Thrush,Nilgiri Thrush
Purple Cochoa,Purple Cochoa
Green Cochoa,Green Cochoa
Siberian Thrush,Siberian Thrush
Pied Thrush,Pied Thrush
Orange-headed Thrush,Orange-headed Thrush
Chinese Thrush,Chinese Thrush
Mistle Thrush,Mistle Thrush
Song Thrush,Song Thrush
Chinese Blackbird,Chinese Blackbird
Gray-winged Blackbird,Gray-winged Blackbird
Indian Blackbird,Indian Blackbird
Japanese Thrush,Japanese Thrush
Tickell's Thrush,Tickell's Thrush
Black-breasted Thrush,Black-breasted Thrush
Gray-sided Thrush,Gray-sided Thrush
Eyebrowed Thrush,Eyebrowed Thrush
White-backed Thrush,White-backed Thrush
Tibetan Blackbird,Tibetan Blackbird
Fieldfare,Fieldfare
White-collared Blackbird,White-collared Blackbird
Chestnut Thrush,Chestnut Thrush
Black-throated Thrush,Black-throated Thrush
Red-throated Thrush,Red-throated Thrush
Dusky Thrush,Dusky Thrush
Naumann's Thrush,Naumann's Thrush
Dark-sided Flycatcher,Dark-sided Flycatcher
Ferruginous Flycatcher,Ferruginous Flycatcher
Asian Brown Flycatcher,Asian Brown Flycatcher
Brown-breasted Flycatcher,Brown-breasted Flycatcher
Spotted Flycatcher,Spotted Flycatcher
Rufous-tailed Scrub-Robin,Rufous-tailed Scrub-Robin
Indian Robin,Indian Robin
Oriental Magpie-Robin,Oriental Magpie-Robin
White-rumped Shama,White-rumped Shama
Andaman Shama,Andaman Shama
White-gorgeted Flycatcher,White-gorgeted Flycatcher
Nilgiri Sholakili,Nilgiri Sholakili
White-bellied Sholakili,White-bellied Sholakili
White-tailed Flycatcher,White-tailed Flycatcher
White-bellied Blue Flycatcher,White-bellied Blue Flycatcher
Pale-chinned Blue Flycatcher,Pale-chinned Flycatcher
Pale Blue Flycatcher,Pale Blue Flycatcher
Blue-throated Flycatcher,Blue-throated Flycatcher
Large Blue Flycatcher,Large Blue Flycatcher
Hill Blue Flycatcher,Hill Blue Flycatcher
Tickell's Blue Flycatcher,Tickell's Blue Flycatcher
Nicobar Jungle Flycatcher,Nicobar Jungle Flycatcher
Large Niltava,Large Niltava
Small Niltava,Small Niltava
Rufous-bellied Niltava,Rufous-bellied Niltava
Chinese Vivid Niltava,Chinese Vivid Niltava
Blue-and-white Flycatcher,Blue-and-white Flycatcher
Zappey's Flycatcher,Zappey's Flycatcher
Nilgiri Flycatcher,Nilgiri Flycatcher
Verditer Flycatcher,Verditer Flycatcher
Rusty-bellied Shortwing,Rusty-bellied Shortwing
Gould's Shortwing,Gould's Shortwing
Lesser Shortwing,Lesser Shortwing
Himalayan Shortwing,Himalayan Shortwing
Indian Blue Robin,Indian Blue Robin
Siberian Blue Robin,Siberian Blue Robin
White-bellied Redstart,White-bellied Redstart
Bluethroat,Bluethroat
Malabar Whistling-Thrush,Malabar Whistling-Thrush
Blue Whistling-Thrush,Blue Whistling-Thrush
Little Forktail,Little Forktail
White-crowned Forktail,White-crowned Forktail
Spotted Forktail,Spotted Forktail
Black-backed Forktail,Black-backed Forktail
Slaty-backed Forktail,Slaty-backed Forktail
Firethroat,Firethroat
Siberian Rubythroat,Siberian Rubythroat
Himalayan Rubythroat,Himalayan Rubythroat
Chinese Rubythroat,Chinese Rubythroat
White-tailed Robin,White-tailed Robin
Blue-fronted Robin,Blue-fronted Robin
Red-flanked Bluetail,Red-flanked Bluetail
Himalayan Bluetail,Himalayan Bluetail
Rufous-breasted Bush-Robin,Rufous-breasted Bush-Robin
White-browed Bush-Robin,White-browed Bush-Robin
Golden Bush-Robin,Golden Bush-Robin
Yellow-rumped Flycatcher,Yellow-rumped Flycatcher
Mugimaki Flycatcher,Mugimaki Flycatcher
Slaty-backed Flycatcher,Slaty-backed Flycatcher
Black-and-orange Flycatcher,Black-and-orange Flycatcher
Slaty-blue Flycatcher,Slaty-blue Flycatcher
Snowy-browed Flycatcher,Snowy-browed Flycatcher
Pygmy Flycatcher,Pygmy Flycatcher
Rufous-gorgeted Flycatcher,Rufous-gorgeted Flycatcher
Sapphire Flycatcher,Sapphire Flycatcher
Little Pied Flycatcher,Little Pied Flycatcher
Ultramarine Flycatcher,Ultramarine Flycatcher
Rusty-tailed Flycatcher,Rusty-tailed Flycatcher
Taiga Flycatcher,Taiga Flycatcher
Kashmir Flycatcher,Kashmir Flycatcher
Red-breasted Flycatcher,Red-breasted Flycatcher
Blue-fronted Redstart,Blue-fronted Redstart
Plumbeous Redstart,Plumbeous Redstart
Rufous-backed Redstart,Rufous-backed Redstart
White-capped Redstart,White-capped Redstart
Blue-capped Redstart,Blue-capped Redstart
Common Redstart,Common Redstart
Hodgson's Redstart,Hodgson's Redstart
White-throated Redstart,White-throated Redstart
White-winged Redstart,White-winged Redstart
Black Redstart,Black Redstart
Daurian Redstart,Daurian Redstart
Chestnut-bellied Rock-Thrush,Chestnut-bellied Rock-Thrush
Blue-capped Rock-Thrush,Blue-capped Rock-Thrush
Rufous-tailed Rock-Thrush,Rufous-tailed Rock-Thrush
Blue Rock-Thrush,Blue Rock-Thrush
Whinchat,Whinchat
White-browed Bushchat,White-browed Bushchat
White-throated Bushchat,White-throated Bushchat
Siberian Stonechat,Siberian Stonechat
Amur Stonechat,Amur Stonechat
White-tailed Stonechat,White-tailed Stonechat
Pied Bushchat,Pied Bushchat
Jerdon's Bushchat,Jerdon's Bushchat
Gray Bushchat,Gray Bushchat
Northern Wheatear,Northern Wheatear
Isabelline Wheatear,Isabelline Wheatear
Desert Wheatear,Desert Wheatear
Pied Wheatear,Pied Wheatear
Brown Rock Chat,Brown Rock Chat
Variable Wheatear,Variable Wheatear
Hume's Wheatear,Hume's Wheatear
Finsch's Wheatear,Finsch's Wheatear
Persian Wheatear,Persian Wheatear
Bohemian Waxwing,Bohemian Waxwing
Hypocolius,Hypocolius
Thick-billed Flowerpecker,Thick-billed Flowerpecker
Yellow-vented Flowerpecker,Yellow-vented Flowerpecker
Yellow-bellied Flowerpecker,Yellow-bellied Flowerpecker
Pale-billed Flowerpecker,Pale-billed Flowerpecker
Nilgiri Flowerpecker,Nilgiri Flowerpecker
Plain Flowerpecker,Plain Flowerpecker
Andaman Flowerpecker,Andaman Flowerpecker
Fire-breasted Flowerpecker,Fire-breasted Flowerpecker
Scarlet-backed Flowerpecker,Scarlet-backed Flowerpecker
Ruby-cheeked Sunbird,Ruby-cheeked Sunbird
Purple-rumped Sunbird,Purple-rumped Sunbird
Crimson-backed Sunbird,Crimson-backed Sunbird
Van Hasselt's Sunbird,Van Hasselt's Sunbird
Purple Sunbird,Purple Sunbird
Olive-backed Sunbird,Ornate Sunbird
Loten's Sunbird,Loten's Sunbird
Fire-tailed Sunbird,Fire-tailed Sunbird
Black-throated Sunbird,Black-throated Sunbird
Mrs. Gould's Sunbird,Mrs. Gould's Sunbird
Green-tailed Sunbird,Green-tailed Sunbird
Vigors's Sunbird,Vigors's Sunbird
Crimson Sunbird,Crimson Sunbird
Little Spiderhunter,Little Spiderhunter
Streaked Spiderhunter,Streaked Spiderhunter
Asian Fairy-bluebird,Asian Fairy-bluebird
Blue-winged Leafbird,Blue-winged Leafbird
Jerdon's Leafbird,Jerdon's Leafbird
Golden-fronted Leafbird,Golden-fronted Leafbird
Orange-bellied Leafbird,Orange-bellied Leafbird
Streaked Weaver,Streaked Weaver
Baya Weaver,Baya Weaver
Finn's Weaver,Finn's Weaver
Black-breasted Weaver,Black-breasted Weaver
Indian Silverbill,Indian Silverbill
Scaly-breasted Munia,Scaly-breasted Munia
Black-throated Munia,Black-throated Munia
White-rumped Munia,White-rumped Munia
Tricolored Munia,Tricolored Munia
Chestnut Munia,Chestnut Munia
Green Avadavat,Green Avadavat
Red Avadavat,Red Avadavat
Alpine Accentor,Alpine Accentor
Altai Accentor,Altai Accentor
Robin Accentor,Robin Accentor
Rufous-breasted Accentor,Rufous-breasted Accentor
Brown Accentor,Brown Accentor
Black-throated Accentor,Black-throated Accentor
Maroon-backed Accentor,Maroon-backed Accentor
House Sparrow,House Sparrow
Spanish Sparrow,Spanish Sparrow
Sind Sparrow,Sind Sparrow
Russet Sparrow,Russet Sparrow
Eurasian Tree Sparrow,Eurasian Tree Sparrow
Yellow-throated Sparrow,Yellow-throated Sparrow
Rock Sparrow,Rock Sparrow
Pale Rockfinch,Pale Rockfinch
Black-winged Snowfinch,Black-winged Snowfinch
White-rumped Snowfinch,White-rumped Snowfinch
Rufous-necked Snowfinch,Rufous-necked Snowfinch
Blanford's Snowfinch,Blanford's Snowfinch
Forest Wagtail,Forest Wagtail
Gray Wagtail,Gray Wagtail
Western Yellow Wagtail,Western Yellow Wagtail
Eastern Yellow Wagtail,Eastern Yellow Wagtail
Citrine Wagtail,Citrine Wagtail
White-browed Wagtail,White-browed Wagtail
White Wagtail,White Wagtail
Richard's Pipit,Richard's Pipit
Paddyfield Pipit,Paddyfield Pipit
Long-billed Pipit,Long-billed Pipit
Blyth's Pipit,Blyth's Pipit
Tawny Pipit,Tawny Pipit
Nilgiri Pipit,Nilgiri Pipit
Upland Pipit,Upland Pipit
Meadow Pipit,Meadow Pipit
Rosy Pipit,Rosy Pipit
Tree Pipit,Tree Pipit
Olive-backed Pipit,Olive-backed Pipit
Red-throated Pipit,Red-throated Pipit
Water Pipit,Water Pipit
American Pipit,American Pipit
Common Chaffinch,Common Chaffinch
Brambling,Brambling
Black-and-yellow Grosbeak,Black-and-yellow Grosbeak
Collared Grosbeak,Collared Grosbeak
Spot-winged Grosbeak,Spot-winged Grosbeak
White-winged Grosbeak,White-winged Grosbeak
Hawfinch,Hawfinch
Common Rosefinch,Common Rosefinch
Scarlet Finch,Scarlet Finch
Blyth's Rosefinch,Blyth's Rosefinch
Himalayan Beautiful Rosefinch,Himalayan Beautiful Rosefinch
Pink-rumped Rosefinch,Pink-rumped Rosefinch
Dark-rumped Rosefinch,Dark-rumped Rosefinch
Pink-browed Rosefinch,Pink-browed Rosefinch
Spot-winged Rosefinch,Spot-winged Rosefinch
Vinaceous Rosefinch,Vinaceous Rosefinch
Pale Rosefinch,Pale Rosefinch
Sillem's Rosefinch,Sillem's Rosefinch
Streaked Rosefinch,Streaked Rosefinch
Great Rosefinch,Great Rosefinch
Red-fronted Rosefinch,Red-fronted Rosefinch
Crimson-browed Finch,Crimson-browed Finch
Three-banded Rosefinch,Three-banded Rosefinch
Himalayan White-browed Rosefinch,Himalayan White-browed Rosefinch
Chinese White-browed Rosefinch,Chinese White-browed Rosefinch
Brown Bullfinch,Brown Bullfinch
Orange Bullfinch,Orange Bullfinch
Red-headed Bullfinch,Red-headed Bullfinch
Gray-headed Bullfinch,Gray-headed Bullfinch
Crimson-winged Finch,Crimson-winged Finch
Trumpeter Finch,Trumpeter Finch
Mongolian Finch,Mongolian Finch
Blanford's Rosefinch,Blanford's Rosefinch
Gold-naped Finch,Gold-naped Finch
Spectacled Finch,Spectacled Finch
Dark-breasted Rosefinch,Dark-breasted Rosefinch
Plain Mountain Finch,Plain Mountain Finch
Black-headed Mountain Finch,Black-headed Mountain Finch
Desert Finch,Desert Finch
Yellow-breasted Greenfinch,Yellow-breasted Greenfinch
Black-headed Greenfinch,Black-headed Greenfinch
Twite,Twite
Eurasian Linnet,Eurasian Linnet
Red Crossbill,Red Crossbill
European Goldfinch,European Goldfinch
Fire-fronted Serin,Fire-fronted Serin
Tibetan Serin,Tibetan Serin
Eurasian Siskin,Eurasian Siskin
Crested Bunting,Crested Bunting
Black-headed Bunting,Black-headed Bunting
Red-headed Bunting,Red-headed Bunting
Chestnut-eared Bunting,Chestnut-eared Bunting
Rock Bunting,Rock Bunting
Godlewski's Bunting,Godlewski's Bunting
White-capped Bunting,White-capped Bunting
Yellowhammer,Yellowhammer
Pine Bunting,Pine Bunting
Gray-necked Bunting,Gray-necked Bunting
Ortolan Bunting,Ortolan Bunting
Striolated Bunting,Striolated Bunting
Reed Bunting,Reed Bunting
Yellow-breasted Bunting,Yellow-breasted Bunting
Little Bunting,Little Bunting
Rustic Bunting,Rustic Bunting
Black-faced Bunting,Black-faced Bunting
Chestnut Bunting,Chestnut Bunting
Yellow-browed Bunting,Yellow-browed Bunting
Tristram's Bunting,Tristram's Bunting
